"","Depth","X60km","X80km","X100km","X120km"
"1",0,0,0,0,0
"2",0.1,3.43,3.02,2.76,2.58
"3",0.2,6.86,6.03,5.51,5.15
"4",0.3,10.28,9.05,8.26,7.72
"5",0.4,13.7,12.05,11.01,10.29
"6",0.5,17.12,15.05,13.75,12.85
"7",0.6,20.53,18.05,16.49,15.4
"8",0.7,23.94,21.05,19.22,17.96
"9",0.8,27.34,24.03,21.95,20.5
"10",0.9,30.74,27.02,24.67,23.05
"11",1,34.13,30,27.39,25.59
"12",1.1,37.52,32.98,30.11,28.12
"13",1.2,40.9,35.95,32.82,30.65
"14",1.3,44.28,38.92,35.52,33.18
"15",1.4,47.66,41.88,38.23,35.7
"16",1.5,51.03,44.84,40.92,38.22
"17",1.6,54.4,47.79,43.62,40.73
"18",1.7,57.76,50.74,46.31,43.24
"19",1.8,61.12,53.69,48.99,45.74
"20",1.9,64.48,56.63,51.67,48.24
"21",2,67.83,59.57,54.35,50.74
"22",2.1,71.17,62.5,57.02,53.23
"23",2.2,74.51,65.43,59.69,55.72
"24",2.3,77.85,68.35,62.35,58.2
"25",2.4,81.18,71.27,65.01,60.68
"26",2.5,84.51,74.18,67.66,63.15
"27",2.6,87.83,77.1,70.31,65.62
"28",2.7,91.15,80,72.96,68.09
"29",2.8,94.47,82.9,75.6,70.55
"30",2.9,97.78,85.8,78.24,73
"31",3,101.09,88.7,80.87,75.46
"32",3.1,104.39,91.58,83.5,77.9
"33",3.2,107.69,94.47,86.12,80.35
"34",3.3,110.98,97.35,88.74,82.79
"35",3.4,114.27,100.23,91.36,85.22
"36",3.5,117.55,103.1,93.97,87.65
"37",3.6,120.83,105.97,96.57,90.08
"38",3.7,124.11,108.83,99.18,92.5
"39",3.8,127.38,111.69,101.77,94.92
"40",3.9,130.65,114.54,104.37,97.33
"41",4,133.91,117.39,106.96,99.74
"42",4.1,137.17,120.24,109.54,102.14
"43",4.2,140.43,123.08,112.12,104.54
"44",4.3,143.68,125.92,114.7,106.94
"45",4.4,146.92,128.75,117.27,109.33
"46",4.5,150.16,131.58,119.84,111.72
"47",4.6,153.4,134.4,122.4,114.1
"48",4.7,156.63,137.22,124.96,116.48
"49",4.8,159.86,140.03,127.51,118.85
"50",4.9,163.08,142.85,130.06,121.22
"51",5,166.3,145.65,132.61,123.59
"52",5.1,169.52,148.45,135.15,125.95
"53",5.2,172.73,151.25,137.69,128.3
"54",5.3,175.94,154.05,140.22,130.66
"55",5.4,179.14,156.83,142.75,133
"56",5.5,182.34,159.62,145.27,135.35
"57",5.6,185.53,162.4,147.79,137.69
"58",5.7,188.72,165.18,150.31,140.02
"59",5.8,191.9,167.95,152.82,142.35
"60",5.9,195.08,170.72,155.32,144.68
"61",6,198.26,173.48,157.83,147
"62",6.1,201.43,176.24,160.32,149.32
"63",6.2,204.6,178.99,162.82,151.63
"64",6.3,207.76,181.74,165.31,153.94
"65",6.4,210.92,184.49,167.79,156.24
"66",6.5,214.08,187.23,170.27,158.54
"67",6.6,217.23,189.97,172.75,160.84
"68",6.7,220.37,192.7,175.22,163.13
"69",6.8,223.51,195.43,177.69,165.42
"70",6.9,226.65,198.15,180.15,167.7
"71",7,229.78,200.87,182.61,169.98
"72",7.1,232.91,203.58,185.06,172.25
"73",7.2,236.03,206.3,187.51,174.52
"74",7.3,239.15,209,189.96,176.79
"75",7.4,242.27,211.7,192.4,179.05
"76",7.5,245.38,214.4,194.84,181.3
"77",7.6,248.49,217.1,197.27,183.56
"78",7.7,251.59,219.78,199.7,185.8
"79",7.8,254.69,222.47,202.12,188.05
"80",7.9,257.78,225.15,204.54,190.29
"81",8,260.87,227.83,206.96,192.52
"82",8.1,263.95,230.5,209.37,194.75
"83",8.2,267.03,233.17,211.77,196.98
"84",8.3,270.11,235.83,214.18,199.2
"85",8.4,273.18,238.49,216.57,201.42
"86",8.5,276.25,241.14,218.97,203.63
"87",8.6,279.31,243.79,221.36,205.84
"88",8.7,282.37,246.44,223.74,208.04
"89",8.8,285.43,249.08,226.12,210.24
"90",8.9,288.48,251.72,228.5,212.44
"91",9,291.52,254.35,230.87,214.63
"92",9.1,294.56,256.98,233.24,216.82
"93",9.2,297.6,259.6,235.6,219
"94",9.3,300.63,262.22,237.96,221.18
"95",9.4,303.66,264.83,240.31,223.35
"96",9.5,306.68,267.45,242.66,225.52
"97",9.6,309.7,270.05,245.01,227.69
"98",9.7,312.72,272.65,247.35,229.85
"99",9.8,315.73,275.25,249.69,232
"100",9.9,318.74,277.85,252.02,234.16
"101",10,321.74,280.43,254.35,236.3
"102",10.1,324.74,283.02,256.67,238.45
"103",10.2,327.73,285.6,258.99,240.59
"104",10.3,330.72,288.18,261.31,242.72
"105",10.4,333.7,290.75,263.62,244.85
"106",10.5,336.68,293.32,265.92,246.98
"107",10.6,339.66,295.88,268.23,249.1
"108",10.7,342.63,298.44,270.52,251.22
"109",10.8,345.6,300.99,272.82,253.33
"110",10.9,348.56,303.54,275.11,255.44
"111",11,351.52,306.09,277.39,257.54
"112",11.1,354.48,308.63,279.67,259.64
"113",11.2,357.43,311.17,281.95,261.74
"114",11.3,360.37,313.7,284.22,263.83
"115",11.4,363.31,316.23,286.49,265.92
"116",11.5,366.25,318.75,288.75,268
"117",11.6,369.18,321.27,291.01,270.08
"118",11.7,372.11,323.78,293.26,272.15
"119",11.8,375.03,326.3,295.51,274.22
"120",11.9,377.95,328.8,297.76,276.29
"121",12,380.87,331.3,300,278.35
"122",12.1,383.78,333.8,302.24,280.4
"123",12.2,386.69,336.3,304.47,282.46
"124",12.3,389.59,338.78,306.7,284.5
"125",12.4,392.49,341.27,308.92,286.55
"126",12.5,395.38,343.75,311.14,288.59
"127",12.6,398.27,346.23,313.36,290.62
"128",12.7,401.15,348.7,315.57,292.65
"129",12.8,404.03,351.17,317.77,294.68
"130",12.9,406.91,353.63,319.98,296.7
"131",13,409.78,356.09,322.17,298.72
"132",13.1,412.65,358.54,324.37,300.73
"133",13.2,415.51,360.99,326.56,302.74
"134",13.3,418.37,363.44,328.74,304.74
"135",13.4,421.23,365.88,330.92,306.74
"136",13.5,424.08,368.32,333.1,308.74
"137",13.6,426.92,370.75,335.27,310.73
"138",13.7,429.76,373.18,337.44,312.72
"139",13.8,432.6,375.6,339.6,314.7
"140",13.9,435.43,378.02,341.76,316.68
"141",14,438.26,380.43,343.91,318.65
"142",14.1,441.08,382.85,346.06,320.62
"143",14.2,443.9,385.25,348.21,322.59
"144",14.3,446.72,387.65,350.35,324.55
"145",14.4,449.53,390.05,352.49,326.5
"146",14.5,452.34,392.45,354.62,328.46
"147",14.6,455.14,394.83,356.75,330.4
"148",14.7,457.94,397.22,358.87,332.35
"149",14.8,460.73,399.6,360.99,334.29
"150",14.9,463.52,401.98,363.11,336.22
"151",15,466.3,404.35,365.22,338.15
"152",15.1,469.08,406.72,367.32,340.08
"153",15.2,471.86,409.08,369.43,342
"154",15.3,474.63,411.44,371.52,343.92
"155",15.4,477.4,413.79,373.62,345.83
"156",15.5,480.16,416.14,375.71,347.74
"157",15.6,482.92,418.49,377.79,349.64
"158",15.7,485.68,420.83,379.87,351.54
"159",15.8,488.43,423.17,381.95,353.44
"160",15.9,491.17,425.5,384.02,355.33
"161",16,493.91,427.83,386.09,357.22
"162",16.1,496.65,430.15,388.15,359.1
"163",16.2,499.38,432.47,390.21,360.98
"164",16.3,502.11,434.78,392.26,362.85
"165",16.4,504.83,437.1,394.31,364.72
"166",16.5,507.55,439.4,396.36,366.59
"167",16.6,510.27,441.7,398.4,368.45
"168",16.7,512.98,444,400.44,370.3
"169",16.8,515.69,446.3,402.47,372.16
"170",16.9,518.39,448.58,404.5,374
"171",17,521.09,450.87,406.52,375.85
"172",17.1,523.78,453.15,408.54,377.69
"173",17.2,526.47,455.43,410.56,379.52
"174",17.3,529.15,457.7,412.57,381.35
"175",17.4,531.83,459.97,414.57,383.18
"176",17.5,534.51,462.23,416.58,385
"177",17.6,537.18,464.49,418.57,386.82
"178",17.7,539.85,466.74,420.57,388.63
"179",17.8,542.51,468.99,422.56,390.44
"180",17.9,545.17,471.24,424.54,392.24
"181",18,547.83,473.48,426.52,394.04
"182",18.1,550.48,475.72,428.5,395.84
"183",18.2,553.12,477.95,430.47,397.63
"184",18.3,555.76,480.18,432.44,399.42
"185",18.4,558.4,482.4,434.4,401.2
"186",18.5,561.03,484.62,436.36,402.98
"187",18.6,563.66,486.83,438.31,404.75
"188",18.7,566.28,489.05,440.26,406.52
"189",18.8,568.9,491.25,442.21,408.29
"190",18.9,571.52,493.45,444.15,410.05
"191",19,574.13,495.65,446.09,411.8
"192",19.1,576.74,497.85,448.02,413.56
"193",19.2,579.34,500.03,449.95,415.3
"194",19.3,581.94,502.22,451.87,417.05
"195",19.4,584.53,504.4,453.79,418.79
"196",19.5,587.12,506.58,455.71,420.52
"197",19.6,589.7,508.75,457.62,422.25
"198",19.7,592.28,510.92,459.52,423.98
"199",19.8,594.86,513.08,461.43,425.7
"200",19.9,597.43,515.24,463.32,427.42
"201",20,600,517.39,465.22,429.13
"202",20.1,602.56,519.54,467.11,430.84
"203",20.2,605.12,521.69,468.99,432.54
"204",20.3,607.68,523.83,470.87,434.24
"205",20.4,610.23,525.97,472.75,435.94
"206",20.5,612.77,528.1,474.62,437.63
"207",20.6,615.31,530.23,476.49,439.32
"208",20.7,617.85,532.35,478.35,441
"209",20.8,620.38,534.47,480.21,442.68
"210",20.9,622.91,536.58,482.06,444.35
"211",21,625.43,538.7,483.91,446.02
"212",21.1,627.95,540.8,485.76,447.69
"213",21.2,630.47,542.9,487.6,449.35
"214",21.3,632.98,545,489.44,451
"215",21.4,635.49,547.1,491.27,452.66
"216",21.5,637.99,549.18,493.1,454.3
"217",21.6,640.49,551.27,494.92,455.95
"218",21.7,642.98,553.35,496.74,457.59
"219",21.8,645.47,555.43,498.56,459.22
"220",21.9,647.95,557.5,500.37,460.85
"221",22,650.43,559.57,502.17,462.48
"222",22.1,652.91,561.63,503.98,464.1
"223",22.2,655.38,563.69,505.77,465.72
"224",22.3,657.85,565.74,507.57,467.33
"225",22.4,660.31,567.79,509.36,468.94
"226",22.5,662.77,569.84,511.14,470.54
"227",22.6,665.23,571.88,512.92,472.14
"228",22.7,667.68,573.92,514.7,473.74
"229",22.8,670.12,575.95,516.47,475.33
"230",22.9,672.56,577.98,518.24,476.92
"231",23,675,580,520,478.5
"232",23.1,677.43,582.02,521.76,480.08
"233",23.2,679.86,584.03,523.51,481.65
"234",23.3,682.28,586.05,525.26,483.22
"235",23.4,684.7,588.05,527.01,484.79
"236",23.5,687.12,590.05,528.75,486.35
"237",23.6,689.53,592.05,530.49,487.9
"238",23.7,691.94,594.05,532.22,489.46
"239",23.8,694.34,596.03,533.95,491
"240",23.9,696.74,598.02,535.67,492.55
"241",24,699.13,600,537.39,494.09
"242",24.1,701.52,601.98,539.11,495.62
"243",24.2,703.9,603.95,540.82,497.15
"244",24.3,706.28,605.92,542.52,498.68
"245",24.4,708.66,607.88,544.23,500.2
"246",24.5,711.03,609.84,545.92,501.72
"247",24.6,713.4,611.79,547.62,503.23
"248",24.7,715.76,613.74,549.31,504.74
"249",24.8,718.12,615.69,550.99,506.24
"250",24.9,720.48,617.63,552.67,507.74
"251",25,722.83,619.57,554.35,509.24
"252",25.1,725.17,621.5,556.02,510.73
"253",25.2,727.51,623.43,557.69,512.22
"254",25.3,729.85,625.35,559.35,513.7
"255",25.4,732.18,627.27,561.01,515.18
"256",25.5,734.51,629.18,562.66,516.65
"257",25.6,736.83,631.1,564.31,518.12
"258",25.7,739.15,633,565.96,519.59
"259",25.8,741.47,634.9,567.6,521.05
"260",25.9,743.78,636.8,569.24,522.5
"261",26,746.09,638.7,570.87,523.96
"262",26.1,748.39,640.58,572.5,525.4
"263",26.2,750.69,642.47,574.12,526.85
"264",26.3,752.98,644.35,575.74,528.29
"265",26.4,755.27,646.23,577.36,529.72
"266",26.5,757.55,648.1,578.97,531.15
"267",26.6,759.83,649.97,580.57,532.58
"268",26.7,762.11,651.83,582.18,534
"269",26.8,764.38,653.69,583.77,535.42
"270",26.9,766.65,655.54,585.37,536.83
"271",27,768.91,657.39,586.96,538.24
"272",27.1,771.17,659.24,588.54,539.64
"273",27.2,773.43,661.08,590.12,541.04
"274",27.3,775.68,662.92,591.7,542.44
"275",27.4,777.92,664.75,593.27,543.83
"276",27.5,780.16,666.58,594.84,545.22
"277",27.6,782.4,668.4,596.4,546.6
"278",27.7,784.63,670.22,597.96,547.98
"279",27.8,786.86,672.03,599.51,549.35
"280",27.9,789.08,673.85,601.06,550.72
"281",28,791.3,675.65,602.61,552.09
"282",28.1,793.52,677.45,604.15,553.45
"283",28.2,795.73,679.25,605.69,554.8
"284",28.3,797.94,681.05,607.22,556.16
"285",28.4,800.14,682.83,608.75,557.5
"286",28.5,802.34,684.62,610.27,558.85
"287",28.6,804.53,686.4,611.79,560.19
"288",28.7,806.72,688.18,613.31,561.52
"289",28.8,808.9,689.95,614.82,562.85
"290",28.9,811.08,691.72,616.32,564.18
"291",29,813.26,693.48,617.83,565.5
"292",29.1,815.43,695.24,619.32,566.82
"293",29.2,817.6,696.99,620.82,568.13
"294",29.3,819.76,698.74,622.31,569.44
"295",29.4,821.92,700.49,623.79,570.74
"296",29.5,824.08,702.23,625.27,572.04
"297",29.6,826.23,703.97,626.75,573.34
"298",29.7,828.37,705.7,628.22,574.63
"299",29.8,830.51,707.43,629.69,575.92
"300",29.9,832.65,709.15,631.15,577.2
"301",30,834.78,710.87,632.61,578.48
"302",30.1,836.91,712.58,634.06,579.75
"303",30.2,839.03,714.3,635.51,581.02
"304",30.3,841.15,716,636.96,582.29
"305",30.4,843.27,717.7,638.4,583.55
"306",30.5,845.38,719.4,639.84,584.8
"307",30.6,847.49,721.1,641.27,586.06
"308",30.7,849.59,722.78,642.7,587.3
"309",30.8,851.69,724.47,644.12,588.55
"310",30.9,853.78,726.15,645.54,589.79
"311",31,855.87,727.83,646.96,591.02
"312",31.1,857.95,729.5,648.37,592.25
"313",31.2,860.03,731.17,649.77,593.48
"314",31.3,862.11,732.83,651.18,594.7
"315",31.4,864.18,734.49,652.57,595.92
"316",31.5,866.25,736.14,653.97,597.13
"317",31.6,868.31,737.79,655.36,598.34
"318",31.7,870.37,739.44,656.74,599.54
"319",31.8,872.43,741.08,658.12,600.74
"320",31.9,874.48,742.72,659.5,601.94
"321",32,876.52,744.35,660.87,603.13
"322",32.1,878.56,745.98,662.24,604.32
"323",32.2,880.6,747.6,663.6,605.5
"324",32.3,882.63,749.22,664.96,606.68
"325",32.4,884.66,750.83,666.31,607.85
"326",32.5,886.68,752.45,667.66,609.02
"327",32.6,888.7,754.05,669.01,610.19
"328",32.7,890.72,755.65,670.35,611.35
"329",32.8,892.73,757.25,671.69,612.5
"330",32.9,894.74,758.85,673.02,613.66
"331",33,896.74,760.43,674.35,614.8
"332",33.1,898.74,762.02,675.67,615.95
"333",33.2,900.73,763.6,676.99,617.09
"334",33.3,902.72,765.18,678.31,618.22
"335",33.4,904.7,766.75,679.62,619.35
"336",33.5,906.68,768.32,680.92,620.48
"337",33.6,908.66,769.88,682.23,621.6
"338",33.7,910.63,771.44,683.52,622.72
"339",33.8,912.6,772.99,684.82,623.83
"340",33.9,914.56,774.54,686.11,624.94
"341",34,916.52,776.09,687.39,626.04
"342",34.1,918.48,777.63,688.67,627.14
"343",34.2,920.43,779.17,689.95,628.24
"344",34.3,922.37,780.7,691.22,629.33
"345",34.4,924.31,782.23,692.49,630.42
"346",34.5,926.25,783.75,693.75,631.5
"347",34.6,928.18,785.27,695.01,632.58
"348",34.7,930.11,786.78,696.26,633.65
"349",34.8,932.03,788.3,697.51,634.72
"350",34.9,933.95,789.8,698.76,635.79
"351",35,935.87,791.3,700,636.85
"352",35.1,937.34,792.45,700.95,637.66
"353",35.2,938.8,793.6,701.9,638.47
"354",35.3,940.27,794.75,702.85,639.28
"355",35.4,941.74,795.9,703.8,640.09
"356",35.5,943.2,797.05,704.75,640.91
"357",35.6,944.67,798.2,705.7,641.72
"358",35.7,946.13,799.35,706.65,642.53
"359",35.8,947.6,800.5,707.6,643.34
"360",35.9,949.07,801.65,708.55,644.15
"361",36,950.53,802.8,709.5,644.96
"362",36.1,952,803.95,710.45,645.77
"363",36.2,953.46,805.1,711.39,646.58
"364",36.3,954.93,806.25,712.34,647.39
"365",36.4,956.4,807.4,713.29,648.2
"366",36.5,957.86,808.55,714.24,649.01
"367",36.6,959.33,809.69,715.19,649.83
"368",36.7,960.79,810.84,716.14,650.64
"369",36.8,962.26,811.99,717.09,651.45
"370",36.9,963.72,813.14,718.04,652.26
"371",37,965.19,814.29,718.99,653.07
"372",37.1,966.65,815.44,719.93,653.88
"373",37.2,968.12,816.59,720.88,654.69
"374",37.3,969.58,817.73,721.83,655.5
"375",37.4,971.05,818.88,722.78,656.31
"376",37.5,972.51,820.03,723.73,657.12
"377",37.6,973.98,821.18,724.68,657.93
"378",37.7,975.44,822.33,725.62,658.74
"379",37.8,976.91,823.48,726.57,659.55
"380",37.9,978.37,824.62,727.52,660.36
"381",38,979.84,825.77,728.47,661.16
"382",38.1,981.3,826.92,729.41,661.97
"383",38.2,982.77,828.07,730.36,662.78
"384",38.3,984.23,829.21,731.31,663.59
"385",38.4,985.69,830.36,732.26,664.4
"386",38.5,987.16,831.51,733.21,665.21
"387",38.6,988.62,832.66,734.15,666.02
"388",38.7,990.09,833.8,735.1,666.83
"389",38.8,991.55,834.95,736.05,667.64
"390",38.9,993.01,836.1,736.99,668.45
"391",39,994.48,837.25,737.94,669.26
"392",39.1,995.94,838.39,738.89,670.06
"393",39.2,997.4,839.54,739.84,670.87
"394",39.3,998.87,840.69,740.78,671.68
"395",39.4,1000.33,841.83,741.73,672.49
"396",39.5,1001.8,842.98,742.68,673.3
"397",39.6,1003.26,844.13,743.62,674.11
"398",39.7,1004.72,845.27,744.57,674.92
"399",39.8,1006.19,846.42,745.52,675.72
"400",39.9,1007.65,847.57,746.46,676.53
"401",40,1009.11,848.71,747.41,677.34
"402",40.1,1010.57,849.86,748.35,678.15
"403",40.2,1012.04,851.01,749.3,678.96
"404",40.3,1013.5,852.15,750.25,679.76
"405",40.4,1014.96,853.3,751.19,680.57
"406",40.5,1016.43,854.44,752.14,681.38
"407",40.6,1017.89,855.59,753.09,682.19
"408",40.7,1019.35,856.74,754.03,682.99
"409",40.8,1020.81,857.88,754.98,683.8
"410",40.9,1022.28,859.03,755.92,684.61
"411",41,1023.74,860.17,756.87,685.42
"412",41.1,1025.2,861.32,757.81,686.22
"413",41.2,1026.66,862.46,758.76,687.03
"414",41.3,1028.12,863.61,759.7,687.84
"415",41.4,1029.59,864.75,760.65,688.64
"416",41.5,1031.05,865.9,761.6,689.45
"417",41.6,1032.51,867.04,762.54,690.26
"418",41.7,1033.97,868.19,763.49,691.06
"419",41.8,1035.43,869.33,764.43,691.87
"420",41.9,1036.89,870.48,765.38,692.68
"421",42,1038.36,871.62,766.32,693.48
"422",42.1,1039.82,872.77,767.27,694.29
"423",42.2,1041.28,873.91,768.21,695.1
"424",42.3,1042.74,875.06,769.15,695.9
"425",42.4,1044.2,876.2,770.1,696.71
"426",42.5,1045.66,877.35,771.04,697.52
"427",42.6,1047.12,878.49,771.99,698.32
"428",42.7,1048.59,879.64,772.93,699.13
"429",42.8,1050.05,880.78,773.88,699.93
"430",42.9,1051.51,881.93,774.82,700.74
"431",43,1052.97,883.07,775.77,701.55
"432",43.1,1054.43,884.21,776.71,702.35
"433",43.2,1055.89,885.36,777.65,703.16
"434",43.3,1057.35,886.5,778.6,703.96
"435",43.4,1058.81,887.65,779.54,704.77
"436",43.5,1060.27,888.79,780.49,705.57
"437",43.6,1061.73,889.93,781.43,706.38
"438",43.7,1063.19,891.08,782.37,707.19
"439",43.8,1064.65,892.22,783.32,707.99
"440",43.9,1066.11,893.36,784.26,708.8
"441",44,1067.57,894.51,785.2,709.6
"442",44.1,1069.03,895.65,786.15,710.41
"443",44.2,1070.49,896.79,787.09,711.21
"444",44.3,1071.95,897.94,788.03,712.02
"445",44.4,1073.41,899.08,788.98,712.82
"446",44.5,1074.87,900.22,789.92,713.63
"447",44.6,1076.33,901.37,790.86,714.43
"448",44.7,1077.79,902.51,791.81,715.23
"449",44.8,1079.25,903.65,792.75,716.04
"450",44.9,1080.71,904.79,793.69,716.84
"451",45,1082.17,905.94,794.63,717.65
"452",45.1,1083.63,907.08,795.58,718.45
"453",45.2,1085.09,908.22,796.52,719.26
"454",45.3,1086.55,909.37,797.46,720.06
"455",45.4,1088.01,910.51,798.4,720.86
"456",45.5,1089.47,911.65,799.35,721.67
"457",45.6,1090.92,912.79,800.29,722.47
"458",45.7,1092.38,913.93,801.23,723.28
"459",45.8,1093.84,915.08,802.17,724.08
"460",45.9,1095.3,916.22,803.11,724.88
"461",46,1096.76,917.36,804.06,725.69
"462",46.1,1098.22,918.5,805,726.49
"463",46.2,1099.68,919.64,805.94,727.29
"464",46.3,1101.13,920.79,806.88,728.1
"465",46.4,1102.59,921.93,807.82,728.9
"466",46.5,1104.05,923.07,808.77,729.7
"467",46.6,1105.51,924.21,809.71,730.51
"468",46.7,1106.97,925.35,810.65,731.31
"469",46.8,1108.43,926.49,811.59,732.11
"470",46.9,1109.88,927.64,812.53,732.92
"471",47,1111.34,928.78,813.47,733.72
"472",47.1,1112.8,929.92,814.41,734.52
"473",47.2,1114.26,931.06,815.35,735.33
"474",47.3,1115.71,932.2,816.3,736.13
"475",47.4,1117.17,933.34,817.24,736.93
"476",47.5,1118.63,934.48,818.18,737.73
"477",47.6,1120.09,935.62,819.12,738.54
"478",47.7,1121.54,936.76,820.06,739.34
"479",47.8,1123,937.9,821,740.14
"480",47.9,1124.46,939.04,821.94,740.94
"481",48,1125.92,940.18,822.88,741.74
"482",48.1,1127.37,941.33,823.82,742.55
"483",48.2,1128.83,942.47,824.76,743.35
"484",48.3,1130.29,943.61,825.7,744.15
"485",48.4,1131.74,944.75,826.64,744.95
"486",48.5,1133.2,945.89,827.58,745.75
"487",48.6,1134.66,947.03,828.52,746.56
"488",48.7,1136.11,948.17,829.46,747.36
"489",48.8,1137.57,949.31,830.4,748.16
"490",48.9,1139.03,950.45,831.34,748.96
"491",49,1140.48,951.59,832.28,749.76
"492",49.1,1141.94,952.73,833.22,750.56
"493",49.2,1143.4,953.87,834.16,751.37
"494",49.3,1144.85,955,835.1,752.17
"495",49.4,1146.31,956.14,836.04,752.97
"496",49.5,1147.77,957.28,836.98,753.77
"497",49.6,1149.22,958.42,837.92,754.57
"498",49.7,1150.68,959.56,838.86,755.37
"499",49.8,1152.13,960.7,839.8,756.17
"500",49.9,1153.59,961.84,840.74,756.97
"501",50,1155.04,962.98,841.68,757.77
"502",50.1,1156.5,964.12,842.61,758.57
"503",50.2,1157.96,965.26,843.55,759.37
"504",50.3,1159.41,966.4,844.49,760.17
"505",50.4,1160.87,967.53,845.43,760.97
"506",50.5,1162.32,968.67,846.37,761.78
"507",50.6,1163.78,969.81,847.31,762.58
"508",50.7,1165.23,970.95,848.25,763.38
"509",50.8,1166.69,972.09,849.18,764.18
"510",50.9,1168.14,973.23,850.12,764.98
"511",51,1169.6,974.37,851.06,765.78
"512",51.1,1171.05,975.5,852,766.58
"513",51.2,1172.51,976.64,852.94,767.38
"514",51.3,1173.96,977.78,853.88,768.18
"515",51.4,1175.42,978.92,854.81,768.97
"516",51.5,1176.87,980.06,855.75,769.77
"517",51.6,1178.33,981.19,856.69,770.57
"518",51.7,1179.78,982.33,857.63,771.37
"519",51.8,1181.23,983.47,858.57,772.17
"520",51.9,1182.69,984.61,859.5,772.97
"521",52,1184.14,985.74,860.44,773.77
"522",52.1,1185.6,986.88,861.38,774.57
"523",52.2,1187.05,988.02,862.32,775.37
"524",52.3,1188.51,989.16,863.25,776.17
"525",52.4,1189.96,990.29,864.19,776.97
"526",52.5,1191.41,991.43,865.13,777.77
"527",52.6,1192.87,992.57,866.06,778.57
"528",52.7,1194.32,993.71,867,779.36
"529",52.8,1195.77,994.84,867.94,780.16
"530",52.9,1197.23,995.98,868.88,780.96
"531",53,1198.68,997.12,869.81,781.76
"532",53.1,1200.13,998.25,870.75,782.56
"533",53.2,1201.59,999.39,871.69,783.36
"534",53.3,1203.04,1000.53,872.62,784.15
"535",53.4,1204.49,1001.66,873.56,784.95
"536",53.5,1205.95,1002.8,874.5,785.75
"537",53.6,1207.4,1003.94,875.43,786.55
"538",53.7,1208.85,1005.07,876.37,787.35
"539",53.8,1210.31,1006.21,877.3,788.15
"540",53.9,1211.76,1007.34,878.24,788.94
"541",54,1213.21,1008.48,879.18,789.74
"542",54.1,1214.67,1009.62,880.11,790.54
"543",54.2,1216.12,1010.75,881.05,791.34
"544",54.3,1217.57,1011.89,881.98,792.13
"545",54.4,1219.02,1013.02,882.92,792.93
"546",54.5,1220.48,1014.16,883.86,793.73
"547",54.6,1221.93,1015.3,884.79,794.53
"548",54.7,1223.38,1016.43,885.73,795.32
"549",54.8,1224.83,1017.57,886.66,796.12
"550",54.9,1226.28,1018.7,887.6,796.92
"551",55,1227.74,1019.84,888.53,797.71
"552",55.1,1229.19,1020.97,889.47,798.51
"553",55.2,1230.64,1022.11,890.4,799.31
"554",55.3,1232.09,1023.24,891.34,800.11
"555",55.4,1233.54,1024.38,892.27,800.9
"556",55.5,1235,1025.51,893.21,801.7
"557",55.6,1236.45,1026.65,894.14,802.5
"558",55.7,1237.9,1027.78,895.08,803.29
"559",55.8,1239.35,1028.92,896.01,804.09
"560",55.9,1240.8,1030.05,896.95,804.88
"561",56,1242.25,1031.19,897.88,805.68
"562",56.1,1243.7,1032.32,898.82,806.48
"563",56.2,1245.15,1033.46,899.75,807.27
"564",56.3,1246.61,1034.59,900.69,808.07
"565",56.4,1248.06,1035.73,901.62,808.87
"566",56.5,1249.51,1036.86,902.56,809.66
"567",56.6,1250.96,1037.99,903.49,810.46
"568",56.7,1252.41,1039.13,904.42,811.25
"569",56.8,1253.86,1040.26,905.36,812.05
"570",56.9,1255.31,1041.4,906.29,812.84
"571",57,1256.76,1042.53,907.23,813.64
"572",57.1,1258.21,1043.66,908.16,814.44
"573",57.2,1259.66,1044.8,909.09,815.23
"574",57.3,1261.11,1045.93,910.03,816.03
"575",57.4,1262.56,1047.06,910.96,816.82
"576",57.5,1264.01,1048.2,911.89,817.62
"577",57.6,1265.46,1049.33,912.83,818.41
"578",57.7,1266.91,1050.46,913.76,819.21
"579",57.8,1268.36,1051.6,914.69,820
"580",57.9,1269.81,1052.73,915.63,820.8
"581",58,1271.26,1053.86,916.56,821.59
"582",58.1,1272.71,1055,917.49,822.39
"583",58.2,1274.16,1056.13,918.43,823.18
"584",58.3,1275.61,1057.26,919.36,823.98
"585",58.4,1277.06,1058.4,920.29,824.77
"586",58.5,1278.51,1059.53,921.23,825.56
"587",58.6,1279.96,1060.66,922.16,826.36
"588",58.7,1281.41,1061.79,923.09,827.15
"589",58.8,1282.86,1062.93,924.02,827.95
"590",58.9,1284.31,1064.06,924.96,828.74
"591",59,1285.76,1065.19,925.89,829.54
"592",59.1,1287.21,1066.32,926.82,830.33
"593",59.2,1288.66,1067.46,927.75,831.12
"594",59.3,1290.1,1068.59,928.68,831.92
"595",59.4,1291.55,1069.72,929.62,832.71
"596",59.5,1293,1070.85,930.55,833.51
"597",59.6,1294.45,1071.99,931.48,834.3
"598",59.7,1295.9,1073.12,932.41,835.09
"599",59.8,1297.35,1074.25,933.34,835.89
"600",59.9,1298.8,1075.38,934.28,836.68
"601",60,1300.24,1076.51,935.21,837.47
"602",60.1,1301.69,1077.64,936.14,838.27
"603",60.2,1303.14,1078.78,937.07,839.06
"604",60.3,1304.59,1079.91,938,839.85
"605",60.4,1306.04,1081.04,938.93,840.65
"606",60.5,1307.49,1082.17,939.87,841.44
"607",60.6,1308.93,1083.3,940.8,842.23
"608",60.7,1310.38,1084.43,941.73,843.02
"609",60.8,1311.83,1085.56,942.66,843.82
"610",60.9,1313.28,1086.69,943.59,844.61
"611",61,1314.72,1087.83,944.52,845.4
"612",61.1,1316.17,1088.96,945.45,846.2
"613",61.2,1317.62,1090.09,946.38,846.99
"614",61.3,1319.07,1091.22,947.31,847.78
"615",61.4,1320.51,1092.35,948.24,848.57
"616",61.5,1321.96,1093.48,949.18,849.36
"617",61.6,1323.41,1094.61,950.11,850.16
"618",61.7,1324.86,1095.74,951.04,850.95
"619",61.8,1326.3,1096.87,951.97,851.74
"620",61.9,1327.75,1098,952.9,852.53
"621",62,1329.2,1099.13,953.83,853.32
"622",62.1,1330.64,1100.26,954.76,854.12
"623",62.2,1332.09,1101.39,955.69,854.91
"624",62.3,1333.54,1102.52,956.62,855.7
"625",62.4,1334.98,1103.65,957.55,856.49
"626",62.5,1336.43,1104.78,958.48,857.28
"627",62.6,1337.88,1105.91,959.41,858.07
"628",62.7,1339.32,1107.04,960.34,858.87
"629",62.8,1340.77,1108.17,961.27,859.66
"630",62.9,1342.22,1109.3,962.2,860.45
"631",63,1343.66,1110.43,963.13,861.24
"632",63.1,1345.11,1111.56,964.05,862.03
"633",63.2,1346.55,1112.69,964.98,862.82
"634",63.3,1348,1113.82,965.91,863.61
"635",63.4,1349.45,1114.95,966.84,864.4
"636",63.5,1350.89,1116.08,967.77,865.19
"637",63.6,1352.34,1117.21,968.7,865.99
"638",63.7,1353.78,1118.33,969.63,866.78
"639",63.8,1355.23,1119.46,970.56,867.57
"640",63.9,1356.67,1120.59,971.49,868.36
"641",64,1358.12,1121.72,972.42,869.15
"642",64.1,1359.56,1122.85,973.35,869.94
"643",64.2,1361.01,1123.98,974.27,870.73
"644",64.3,1362.46,1125.11,975.2,871.52
"645",64.4,1363.9,1126.24,976.13,872.31
"646",64.5,1365.35,1127.36,977.06,873.1
"647",64.6,1366.79,1128.49,977.99,873.89
"648",64.7,1368.24,1129.62,978.92,874.68
"649",64.8,1369.68,1130.75,979.84,875.47
"650",64.9,1371.12,1131.88,980.77,876.26
"651",65,1372.57,1133,981.7,877.05
"652",65.1,1374.01,1134.13,982.63,877.84
"653",65.2,1375.46,1135.26,983.56,878.63
"654",65.3,1376.9,1136.39,984.48,879.42
"655",65.4,1378.35,1137.52,985.41,880.21
"656",65.5,1379.79,1138.64,986.34,881
"657",65.6,1381.24,1139.77,987.27,881.78
"658",65.7,1382.68,1140.9,988.19,882.57
"659",65.8,1384.12,1142.03,989.12,883.36
"660",65.9,1385.57,1143.15,990.05,884.15
"661",66,1387.01,1144.28,990.98,884.94
"662",66.1,1388.46,1145.41,991.9,885.73
"663",66.2,1389.9,1146.54,992.83,886.52
"664",66.3,1391.34,1147.66,993.76,887.31
"665",66.4,1392.79,1148.79,994.68,888.1
"666",66.5,1394.23,1149.92,995.61,888.88
"667",66.6,1395.67,1151.04,996.54,889.67
"668",66.7,1397.12,1152.17,997.47,890.46
"669",66.8,1398.56,1153.3,998.39,891.25
"670",66.9,1400,1154.42,999.32,892.04
"671",67,1401.45,1155.55,1000.25,892.83
"672",67.1,1402.89,1156.68,1001.17,893.61
"673",67.2,1404.33,1157.8,1002.1,894.4
"674",67.3,1405.78,1158.93,1003.02,895.19
"675",67.4,1407.22,1160.06,1003.95,895.98
"676",67.5,1408.66,1161.18,1004.88,896.77
"677",67.6,1410.11,1162.31,1005.8,897.55
"678",67.7,1411.55,1163.43,1006.73,898.34
"679",67.8,1412.99,1164.56,1007.66,899.13
"680",67.9,1414.43,1165.69,1008.58,899.92
"681",68,1415.88,1166.81,1009.51,900.7
"682",68.1,1417.32,1167.94,1010.43,901.49
"683",68.2,1418.76,1169.06,1011.36,902.28
"684",68.3,1420.2,1170.19,1012.28,903.07
"685",68.4,1421.65,1171.31,1013.21,903.85
"686",68.5,1423.09,1172.44,1014.14,904.64
"687",68.6,1424.53,1173.56,1015.06,905.43
"688",68.7,1425.97,1174.69,1015.99,906.22
"689",68.8,1427.41,1175.82,1016.91,907
"690",68.9,1428.86,1176.94,1017.84,907.79
"691",69,1430.3,1178.07,1018.76,908.58
"692",69.1,1431.74,1179.19,1019.69,909.36
"693",69.2,1433.18,1180.32,1020.61,910.15
"694",69.3,1434.62,1181.44,1021.54,910.94
"695",69.4,1436.06,1182.57,1022.46,911.72
"696",69.5,1437.51,1183.69,1023.39,912.51
"697",69.6,1438.95,1184.81,1024.31,913.29
"698",69.7,1440.39,1185.94,1025.24,914.08
"699",69.8,1441.83,1187.06,1026.16,914.87
"700",69.9,1443.27,1188.19,1027.08,915.65
"701",70,1444.71,1189.31,1028.01,916.44
"702",70.1,1446.15,1190.44,1028.93,917.23
"703",70.2,1447.59,1191.56,1029.86,918.01
"704",70.3,1449.03,1192.69,1030.78,918.8
"705",70.4,1450.47,1193.81,1031.71,919.58
"706",70.5,1451.92,1194.93,1032.63,920.37
"707",70.6,1453.36,1196.06,1033.55,921.15
"708",70.7,1454.8,1197.18,1034.48,921.94
"709",70.8,1456.24,1198.31,1035.4,922.73
"710",70.9,1457.68,1199.43,1036.32,923.51
"711",71,1459.12,1200.55,1037.25,924.3
"712",71.1,1460.56,1201.68,1038.17,925.08
"713",71.2,1462,1202.8,1039.1,925.87
"714",71.3,1463.44,1203.92,1040.02,926.65
"715",71.4,1464.88,1205.05,1040.94,927.44
"716",71.5,1466.32,1206.17,1041.87,928.22
"717",71.6,1467.76,1207.29,1042.79,929.01
"718",71.7,1469.2,1208.42,1043.71,929.79
"719",71.8,1470.64,1209.54,1044.63,930.58
"720",71.9,1472.08,1210.66,1045.56,931.36
"721",72,1473.52,1211.78,1046.48,932.14
"722",72.1,1474.96,1212.91,1047.4,932.93
"723",72.2,1476.4,1214.03,1048.33,933.71
"724",72.3,1477.83,1215.15,1049.25,934.5
"725",72.4,1479.27,1216.28,1050.17,935.28
"726",72.5,1480.71,1217.4,1051.09,936.07
"727",72.6,1482.15,1218.52,1052.02,936.85
"728",72.7,1483.59,1219.64,1052.94,937.63
"729",72.8,1485.03,1220.77,1053.86,938.42
"730",72.9,1486.47,1221.89,1054.78,939.2
"731",73,1487.91,1223.01,1055.71,939.99
"732",73.1,1489.35,1224.13,1056.63,940.77
"733",73.2,1490.79,1225.25,1057.55,941.55
"734",73.3,1492.22,1226.38,1058.47,942.34
"735",73.4,1493.66,1227.5,1059.39,943.12
"736",73.5,1495.1,1228.62,1060.32,943.9
"737",73.6,1496.54,1229.74,1061.24,944.69
"738",73.7,1497.98,1230.86,1062.16,945.47
"739",73.8,1499.42,1231.98,1063.08,946.25
"740",73.9,1500.85,1233.11,1064,947.04
"741",74,1502.29,1234.23,1064.92,947.82
"742",74.1,1503.73,1235.35,1065.84,948.6
"743",74.2,1505.17,1236.47,1066.77,949.39
"744",74.3,1506.61,1237.59,1067.69,950.17
"745",74.4,1508.04,1238.71,1068.61,950.95
"746",74.5,1509.48,1239.83,1069.53,951.74
"747",74.6,1510.92,1240.95,1070.45,952.52
"748",74.7,1512.36,1242.08,1071.37,953.3
"749",74.8,1513.79,1243.2,1072.29,954.08
"750",74.9,1515.23,1244.32,1073.21,954.87
"751",75,1516.67,1245.44,1074.13,955.65
"752",75.1,1518.11,1246.56,1075.05,956.43
"753",75.2,1519.54,1247.68,1075.97,957.21
"754",75.3,1520.98,1248.8,1076.9,957.99
"755",75.4,1522.42,1249.92,1077.82,958.78
"756",75.5,1523.86,1251.04,1078.74,959.56
"757",75.6,1525.29,1252.16,1079.66,960.34
"758",75.7,1526.73,1253.28,1080.58,961.12
"759",75.8,1528.17,1254.4,1081.5,961.9
"760",75.9,1529.6,1255.52,1082.42,962.69
"761",76,1531.04,1256.64,1083.34,963.47
"762",76.1,1532.48,1257.76,1084.26,964.25
"763",76.2,1533.91,1258.88,1085.18,965.03
"764",76.3,1535.35,1260,1086.1,965.81
"765",76.4,1536.79,1261.12,1087.02,966.59
"766",76.5,1538.22,1262.24,1087.94,967.37
"767",76.6,1539.66,1263.36,1088.85,968.16
"768",76.7,1541.09,1264.48,1089.77,968.94
"769",76.8,1542.53,1265.6,1090.69,969.72
"770",76.9,1543.97,1266.72,1091.61,970.5
"771",77,1545.4,1267.84,1092.53,971.28
"772",77.1,1546.84,1268.96,1093.45,972.06
"773",77.2,1548.27,1270.07,1094.37,972.84
"774",77.3,1549.71,1271.19,1095.29,973.62
"775",77.4,1551.14,1272.31,1096.21,974.4
"776",77.5,1552.58,1273.43,1097.13,975.18
"777",77.6,1554.02,1274.55,1098.05,975.96
"778",77.7,1555.45,1275.67,1098.96,976.74
"779",77.8,1556.89,1276.79,1099.88,977.52
"780",77.9,1558.32,1277.91,1100.8,978.3
"781",78,1559.76,1279.02,1101.72,979.08
"782",78.1,1561.19,1280.14,1102.64,979.86
"783",78.2,1562.63,1281.26,1103.56,980.64
"784",78.3,1564.06,1282.38,1104.48,981.42
"785",78.4,1565.5,1283.5,1105.39,982.2
"786",78.5,1566.93,1284.62,1106.31,982.98
"787",78.6,1568.37,1285.73,1107.23,983.76
"788",78.7,1569.8,1286.85,1108.15,984.54
"789",78.8,1571.24,1287.97,1109.07,985.32
"790",78.9,1572.67,1289.09,1109.98,986.1
"791",79,1574.1,1290.21,1110.9,986.88
"792",79.1,1575.54,1291.32,1111.82,987.66
"793",79.2,1576.97,1292.44,1112.74,988.44
"794",79.3,1578.41,1293.56,1113.65,989.22
"795",79.4,1579.84,1294.68,1114.57,990
"796",79.5,1581.28,1295.79,1115.49,990.78
"797",79.6,1582.71,1296.91,1116.41,991.56
"798",79.7,1584.14,1298.03,1117.32,992.34
"799",79.8,1585.58,1299.15,1118.24,993.12
"800",79.9,1587.01,1300.26,1119.16,993.89
"801",80,1588.44,1301.38,1120.08,994.67
"802",80.1,1589.88,1302.5,1120.99,995.45
"803",80.2,1591.31,1303.61,1121.91,996.23
"804",80.3,1592.75,1304.73,1122.83,997.01
"805",80.4,1594.18,1305.85,1123.74,997.79
"806",80.5,1595.61,1306.96,1124.66,998.57
"807",80.6,1597.05,1308.08,1125.58,999.34
"808",80.7,1598.48,1309.2,1126.49,1000.12
"809",80.8,1599.91,1310.31,1127.41,1000.9
"810",80.9,1601.34,1311.43,1128.33,1001.68
"811",81,1602.78,1312.55,1129.24,1002.46
"812",81.1,1604.21,1313.66,1130.16,1003.23
"813",81.2,1605.64,1314.78,1131.07,1004.01
"814",81.3,1607.08,1315.89,1131.99,1004.79
"815",81.4,1608.51,1317.01,1132.91,1005.57
"816",81.5,1609.94,1318.13,1133.82,1006.34
"817",81.6,1611.37,1319.24,1134.74,1007.12
"818",81.7,1612.81,1320.36,1135.65,1007.9
"819",81.8,1614.24,1321.47,1136.57,1008.68
"820",81.9,1615.67,1322.59,1137.48,1009.45
"821",82,1617.1,1323.7,1138.4,1010.23
"822",82.1,1618.54,1324.82,1139.32,1011.01
"823",82.2,1619.97,1325.94,1140.23,1011.79
"824",82.3,1621.4,1327.05,1141.15,1012.56
"825",82.4,1622.83,1328.17,1142.06,1013.34
"826",82.5,1624.26,1329.28,1142.98,1014.12
"827",82.6,1625.7,1330.4,1143.89,1014.89
"828",82.7,1627.13,1331.51,1144.81,1015.67
"829",82.8,1628.56,1332.63,1145.72,1016.45
"830",82.9,1629.99,1333.74,1146.64,1017.22
"831",83,1631.42,1334.86,1147.55,1018
"832",83.1,1632.85,1335.97,1148.47,1018.78
"833",83.2,1634.28,1337.09,1149.38,1019.55
"834",83.3,1635.72,1338.2,1150.3,1020.33
"835",83.4,1637.15,1339.31,1151.21,1021.11
"836",83.5,1638.58,1340.43,1152.13,1021.88
"837",83.6,1640.01,1341.54,1153.04,1022.66
"838",83.7,1641.44,1342.66,1153.95,1023.43
"839",83.8,1642.87,1343.77,1154.87,1024.21
"840",83.9,1644.3,1344.89,1155.78,1024.99
"841",84,1645.73,1346,1156.7,1025.76
"842",84.1,1647.16,1347.11,1157.61,1026.54
"843",84.2,1648.59,1348.23,1158.52,1027.31
"844",84.3,1650.02,1349.34,1159.44,1028.09
"845",84.4,1651.45,1350.46,1160.35,1028.86
"846",84.5,1652.89,1351.57,1161.27,1029.64
"847",84.6,1654.32,1352.68,1162.18,1030.41
"848",84.7,1655.75,1353.8,1163.09,1031.19
"849",84.8,1657.18,1354.91,1164.01,1031.96
"850",84.9,1658.61,1356.02,1164.92,1032.74
"851",85,1660.04,1357.14,1165.83,1033.51
"852",85.1,1661.47,1358.25,1166.75,1034.29
"853",85.2,1662.9,1359.36,1167.66,1035.06
"854",85.3,1664.33,1360.48,1168.57,1035.84
"855",85.4,1665.76,1361.59,1169.49,1036.61
"856",85.5,1667.19,1362.7,1170.4,1037.39
"857",85.6,1668.61,1363.82,1171.31,1038.16
"858",85.7,1670.04,1364.93,1172.22,1038.94
"859",85.8,1671.47,1366.04,1173.14,1039.71
"860",85.9,1672.9,1367.15,1174.05,1040.49
"861",86,1674.33,1368.27,1174.96,1041.26
"862",86.1,1675.76,1369.38,1175.88,1042.04
"863",86.2,1677.19,1370.49,1176.79,1042.81
"864",86.3,1678.62,1371.6,1177.7,1043.58
"865",86.4,1680.05,1372.72,1178.61,1044.36
"866",86.5,1681.48,1373.83,1179.53,1045.13
"867",86.6,1682.91,1374.94,1180.44,1045.91
"868",86.7,1684.34,1376.05,1181.35,1046.68
"869",86.8,1685.76,1377.17,1182.26,1047.45
"870",86.9,1687.19,1378.28,1183.17,1048.23
"871",87,1688.62,1379.39,1184.09,1049
"872",87.1,1690.05,1380.5,1185,1049.77
"873",87.2,1691.48,1381.61,1185.91,1050.55
"874",87.3,1692.91,1382.72,1186.82,1051.32
"875",87.4,1694.34,1383.84,1187.73,1052.09
"876",87.5,1695.76,1384.95,1188.64,1052.87
"877",87.6,1697.19,1386.06,1189.56,1053.64
"878",87.7,1698.62,1387.17,1190.47,1054.41
"879",87.8,1700.05,1388.28,1191.38,1055.19
"880",87.9,1701.48,1389.39,1192.29,1055.96
"881",88,1702.9,1390.5,1193.2,1056.73
"882",88.1,1704.33,1391.62,1194.11,1057.5
"883",88.2,1705.76,1392.73,1195.02,1058.28
"884",88.3,1707.19,1393.84,1195.93,1059.05
"885",88.4,1708.61,1394.95,1196.84,1059.82
"886",88.5,1710.04,1396.06,1197.76,1060.59
"887",88.6,1711.47,1397.17,1198.67,1061.37
"888",88.7,1712.9,1398.28,1199.58,1062.14
"889",88.8,1714.32,1399.39,1200.49,1062.91
"890",88.9,1715.75,1400.5,1201.4,1063.68
"891",89,1717.18,1401.61,1202.31,1064.46
"892",89.1,1718.6,1402.72,1203.22,1065.23
"893",89.2,1720.03,1403.83,1204.13,1066
"894",89.3,1721.46,1404.94,1205.04,1066.77
"895",89.4,1722.89,1406.05,1205.95,1067.54
"896",89.5,1724.31,1407.16,1206.86,1068.32
"897",89.6,1725.74,1408.27,1207.77,1069.09
"898",89.7,1727.17,1409.38,1208.68,1069.86
"899",89.8,1728.59,1410.49,1209.59,1070.63
"900",89.9,1730.02,1411.6,1210.5,1071.4
"901",90,1731.44,1412.71,1211.41,1072.17
"902",90.1,1732.87,1413.82,1212.32,1072.94
"903",90.2,1734.3,1414.93,1213.23,1073.72
"904",90.3,1735.72,1416.04,1214.14,1074.49
"905",90.4,1737.15,1417.15,1215.05,1075.26
"906",90.5,1738.58,1418.26,1215.96,1076.03
"907",90.6,1740,1419.37,1216.87,1076.8
"908",90.7,1741.43,1420.48,1217.77,1077.57
"909",90.8,1742.85,1421.59,1218.68,1078.34
"910",90.9,1744.28,1422.7,1219.59,1079.11
"911",91,1745.7,1423.81,1220.5,1079.88
"912",91.1,1747.13,1424.91,1221.41,1080.65
"913",91.2,1748.56,1426.02,1222.32,1081.42
"914",91.3,1749.98,1427.13,1223.23,1082.19
"915",91.4,1751.41,1428.24,1224.14,1082.96
"916",91.5,1752.83,1429.35,1225.05,1083.73
"917",91.6,1754.26,1430.46,1225.95,1084.5
"918",91.7,1755.68,1431.57,1226.86,1085.27
"919",91.8,1757.11,1432.67,1227.77,1086.04
"920",91.9,1758.53,1433.78,1228.68,1086.81
"921",92,1759.96,1434.89,1229.59,1087.58
"922",92.1,1761.38,1436,1230.5,1088.35
"923",92.2,1762.81,1437.11,1231.4,1089.12
"924",92.3,1764.23,1438.22,1232.31,1089.89
"925",92.4,1765.66,1439.32,1233.22,1090.66
"926",92.5,1767.08,1440.43,1234.13,1091.43
"927",92.6,1768.5,1441.54,1235.03,1092.2
"928",92.7,1769.93,1442.65,1235.94,1092.97
"929",92.8,1771.35,1443.75,1236.85,1093.74
"930",92.9,1772.78,1444.86,1237.76,1094.51
"931",93,1774.2,1445.97,1238.67,1095.28
"932",93.1,1775.63,1447.08,1239.57,1096.05
"933",93.2,1777.05,1448.18,1240.48,1096.82
"934",93.3,1778.47,1449.29,1241.39,1097.59
"935",93.4,1779.9,1450.4,1242.29,1098.36
"936",93.5,1781.32,1451.51,1243.2,1099.12
"937",93.6,1782.75,1452.61,1244.11,1099.89
"938",93.7,1784.17,1453.72,1245.02,1100.66
"939",93.8,1785.59,1454.83,1245.92,1101.43
"940",93.9,1787.02,1455.93,1246.83,1102.2
"941",94,1788.44,1457.04,1247.74,1102.97
"942",94.1,1789.86,1458.15,1248.64,1103.74
"943",94.2,1791.29,1459.25,1249.55,1104.5
"944",94.3,1792.71,1460.36,1250.46,1105.27
"945",94.4,1794.13,1461.47,1251.36,1106.04
"946",94.5,1795.56,1462.57,1252.27,1106.81
"947",94.6,1796.98,1463.68,1253.18,1107.58
"948",94.7,1798.4,1464.79,1254.08,1108.34
"949",94.8,1799.82,1465.89,1254.99,1109.11
"950",94.9,1801.25,1467,1255.89,1109.88
"951",95,1802.67,1468.1,1256.8,1110.65
"952",95.1,1804.09,1469.21,1257.71,1111.42
"953",95.2,1805.51,1470.32,1258.61,1112.18
"954",95.3,1806.94,1471.42,1259.52,1112.95
"955",95.4,1808.36,1472.53,1260.42,1113.72
"956",95.5,1809.78,1473.63,1261.33,1114.49
"957",95.6,1811.2,1474.74,1262.23,1115.25
"958",95.7,1812.63,1475.84,1263.14,1116.02
"959",95.8,1814.05,1476.95,1264.05,1116.79
"960",95.9,1815.47,1478.06,1264.95,1117.55
"961",96,1816.89,1479.16,1265.86,1118.32
"962",96.1,1818.31,1480.27,1266.76,1119.09
"963",96.2,1819.74,1481.37,1267.67,1119.85
"964",96.3,1821.16,1482.48,1268.57,1120.62
"965",96.4,1822.58,1483.58,1269.48,1121.39
"966",96.5,1824,1484.69,1270.38,1122.15
"967",96.6,1825.42,1485.79,1271.29,1122.92
"968",96.7,1826.84,1486.9,1272.19,1123.69
"969",96.8,1828.27,1488,1273.1,1124.45
"970",96.9,1829.69,1489.11,1274,1125.22
"971",97,1831.11,1490.21,1274.91,1125.99
"972",97.1,1832.53,1491.31,1275.81,1126.75
"973",97.2,1833.95,1492.42,1276.71,1127.52
"974",97.3,1835.37,1493.52,1277.62,1128.28
"975",97.4,1836.79,1494.63,1278.52,1129.05
"976",97.5,1838.21,1495.73,1279.43,1129.82
"977",97.6,1839.63,1496.84,1280.33,1130.58
"978",97.7,1841.05,1497.94,1281.24,1131.35
"979",97.8,1842.48,1499.04,1282.14,1132.11
"980",97.9,1843.9,1500.15,1283.04,1132.88
"981",98,1845.32,1501.25,1283.95,1133.64
"982",98.1,1846.74,1502.36,1284.85,1134.41
"983",98.2,1848.16,1503.46,1285.75,1135.18
"984",98.3,1849.58,1504.56,1286.66,1135.94
"985",98.4,1851,1505.67,1287.56,1136.71
"986",98.5,1852.42,1506.77,1288.47,1137.47
"987",98.6,1853.84,1507.87,1289.37,1138.24
"988",98.7,1855.26,1508.98,1290.27,1139
"989",98.8,1856.68,1510.08,1291.18,1139.77
"990",98.9,1858.1,1511.18,1292.08,1140.53
"991",99,1859.52,1512.29,1292.98,1141.3
"992",99.1,1860.94,1513.39,1293.88,1142.06
"993",99.2,1862.36,1514.49,1294.79,1142.83
"994",99.3,1863.78,1515.59,1295.69,1143.59
"995",99.4,1865.2,1516.7,1296.59,1144.35
"996",99.5,1866.62,1517.8,1297.5,1145.12
"997",99.6,1868.03,1518.9,1298.4,1145.88
"998",99.7,1869.45,1520.01,1299.3,1146.65
"999",99.8,1870.87,1521.11,1300.2,1147.41
"1000",99.9,1872.29,1522.21,1301.11,1148.18
"1001",100,1873.71,1523.31,1302.01,1148.94
"1002",100.1,1875.13,1524.41,1302.91,1149.7
"1003",100.2,1876.55,1525.52,1303.81,1150.47
"1004",100.3,1877.97,1526.62,1304.72,1151.23
"1005",100.4,1879.39,1527.72,1305.62,1151.99
"1006",100.5,1880.81,1528.82,1306.52,1152.76
"1007",100.6,1882.22,1529.93,1307.42,1153.52
"1008",100.7,1883.64,1531.03,1308.32,1154.29
"1009",100.8,1885.06,1532.13,1309.22,1155.05
"1010",100.9,1886.48,1533.23,1310.13,1155.81
"1011",101,1887.9,1534.33,1311.03,1156.58
"1012",101.1,1889.32,1535.43,1311.93,1157.34
"1013",101.2,1890.73,1536.54,1312.83,1158.1
"1014",101.3,1892.15,1537.64,1313.73,1158.87
"1015",101.4,1893.57,1538.74,1314.63,1159.63
"1016",101.5,1894.99,1539.84,1315.54,1160.39
"1017",101.6,1896.41,1540.94,1316.44,1161.15
"1018",101.7,1897.82,1542.04,1317.34,1161.92
"1019",101.8,1899.24,1543.14,1318.24,1162.68
"1020",101.9,1900.66,1544.24,1319.14,1163.44
"1021",102,1902.08,1545.34,1320.04,1164.2
"1022",102.1,1903.49,1546.45,1320.94,1164.97
"1023",102.2,1904.91,1547.55,1321.84,1165.73
"1024",102.3,1906.33,1548.65,1322.74,1166.49
"1025",102.4,1907.75,1549.75,1323.64,1167.25
"1026",102.5,1909.16,1550.85,1324.54,1168.02
"1027",102.6,1910.58,1551.95,1325.44,1168.78
"1028",102.7,1912,1553.05,1326.34,1169.54
"1029",102.8,1913.41,1554.15,1327.24,1170.3
"1030",102.9,1914.83,1555.25,1328.15,1171.06
"1031",103,1916.25,1556.35,1329.05,1171.83
"1032",103.1,1917.66,1557.45,1329.95,1172.59
"1033",103.2,1919.08,1558.55,1330.85,1173.35
"1034",103.3,1920.5,1559.65,1331.75,1174.11
"1035",103.4,1921.91,1560.75,1332.65,1174.87
"1036",103.5,1923.33,1561.85,1333.55,1175.63
"1037",103.6,1924.75,1562.95,1334.44,1176.4
"1038",103.7,1926.16,1564.05,1335.34,1177.16
"1039",103.8,1927.58,1565.15,1336.24,1177.92
"1040",103.9,1929,1566.25,1337.14,1178.68
"1041",104,1930.41,1567.35,1338.04,1179.44
"1042",104.1,1931.83,1568.45,1338.94,1180.2
"1043",104.2,1933.24,1569.55,1339.84,1180.96
"1044",104.3,1934.66,1570.65,1340.74,1181.72
"1045",104.4,1936.08,1571.74,1341.64,1182.48
"1046",104.5,1937.49,1572.84,1342.54,1183.25
"1047",104.6,1938.91,1573.94,1343.44,1184.01
"1048",104.7,1940.32,1575.04,1344.34,1184.77
"1049",104.8,1941.74,1576.14,1345.24,1185.53
"1050",104.9,1943.15,1577.24,1346.13,1186.29
"1051",105,1944.57,1578.34,1347.03,1187.05
"1052",105.1,1945.98,1579.44,1347.93,1187.81
"1053",105.2,1947.4,1580.53,1348.83,1188.57
"1054",105.3,1948.82,1581.63,1349.73,1189.33
"1055",105.4,1950.23,1582.73,1350.63,1190.09
"1056",105.5,1951.65,1583.83,1351.53,1190.85
"1057",105.6,1953.06,1584.93,1352.42,1191.61
"1058",105.7,1954.48,1586.03,1353.32,1192.37
"1059",105.8,1955.89,1587.12,1354.22,1193.13
"1060",105.9,1957.3,1588.22,1355.12,1193.89
"1061",106,1958.72,1589.32,1356.02,1194.65
"1062",106.1,1960.13,1590.42,1356.91,1195.41
"1063",106.2,1961.55,1591.52,1357.81,1196.17
"1064",106.3,1962.96,1592.61,1358.71,1196.93
"1065",106.4,1964.38,1593.71,1359.61,1197.69
"1066",106.5,1965.79,1594.81,1360.51,1198.44
"1067",106.6,1967.21,1595.91,1361.4,1199.2
"1068",106.7,1968.62,1597,1362.3,1199.96
"1069",106.8,1970.03,1598.1,1363.2,1200.72
"1070",106.9,1971.45,1599.2,1364.09,1201.48
"1071",107,1972.86,1600.3,1364.99,1202.24
"1072",107.1,1974.28,1601.39,1365.89,1203
"1073",107.2,1975.69,1602.49,1366.79,1203.76
"1074",107.3,1977.1,1603.59,1367.68,1204.52
"1075",107.4,1978.52,1604.68,1368.58,1205.27
"1076",107.5,1979.93,1605.78,1369.48,1206.03
"1077",107.6,1981.34,1606.88,1370.37,1206.79
"1078",107.7,1982.76,1607.97,1371.27,1207.55
"1079",107.8,1984.17,1609.07,1372.17,1208.31
"1080",107.9,1985.58,1610.17,1373.06,1209.07
"1081",108,1987,1611.26,1373.96,1209.82
"1082",108.1,1988.41,1612.36,1374.86,1210.58
"1083",108.2,1989.82,1613.46,1375.75,1211.34
"1084",108.3,1991.24,1614.55,1376.65,1212.1
"1085",108.4,1992.65,1615.65,1377.55,1212.86
"1086",108.5,1994.06,1616.75,1378.44,1213.61
"1087",108.6,1995.47,1617.84,1379.34,1214.37
"1088",108.7,1996.89,1618.94,1380.23,1215.13
"1089",108.8,1998.3,1620.03,1381.13,1215.89
"1090",108.9,1999.71,1621.13,1382.03,1216.65
"1091",109,2001.12,1622.23,1382.92,1217.4
"1092",109.1,2002.54,1623.32,1383.82,1218.16
"1093",109.2,2003.95,1624.42,1384.71,1218.92
"1094",109.3,2005.36,1625.51,1385.61,1219.67
"1095",109.4,2006.77,1626.61,1386.5,1220.43
"1096",109.5,2008.19,1627.7,1387.4,1221.19
"1097",109.6,2009.6,1628.8,1388.29,1221.95
"1098",109.7,2011.01,1629.89,1389.19,1222.7
"1099",109.8,2012.42,1630.99,1390.08,1223.46
"1100",109.9,2013.83,1632.08,1390.98,1224.22
"1101",110,2015.24,1633.18,1391.88,1224.97
"1102",110.1,2016.66,1634.27,1392.77,1225.73
"1103",110.2,2018.07,1635.37,1393.66,1226.49
"1104",110.3,2019.48,1636.46,1394.56,1227.24
"1105",110.4,2020.89,1637.56,1395.45,1228
"1106",110.5,2022.3,1638.65,1396.35,1228.76
"1107",110.6,2023.71,1639.75,1397.24,1229.51
"1108",110.7,2025.12,1640.84,1398.14,1230.27
"1109",110.8,2026.54,1641.94,1399.03,1231.02
"1110",110.9,2027.95,1643.03,1399.93,1231.78
"1111",111,2029.36,1644.13,1400.82,1232.54
"1112",111.1,2030.77,1645.22,1401.72,1233.29
"1113",111.2,2032.18,1646.31,1402.61,1234.05
"1114",111.3,2033.59,1647.41,1403.5,1234.8
"1115",111.4,2035,1648.5,1404.4,1235.56
"1116",111.5,2036.41,1649.6,1405.29,1236.31
"1117",111.6,2037.82,1650.69,1406.19,1237.07
"1118",111.7,2039.23,1651.78,1407.08,1237.83
"1119",111.8,2040.64,1652.88,1407.97,1238.58
"1120",111.9,2042.05,1653.97,1408.87,1239.34
"1121",112,2043.46,1655.06,1409.76,1240.09
"1122",112.1,2044.87,1656.16,1410.65,1240.85
"1123",112.2,2046.28,1657.25,1411.55,1241.6
"1124",112.3,2047.69,1658.34,1412.44,1242.36
"1125",112.4,2049.1,1659.44,1413.33,1243.11
"1126",112.5,2050.51,1660.53,1414.23,1243.87
"1127",112.6,2051.92,1661.62,1415.12,1244.62
"1128",112.7,2053.33,1662.72,1416.01,1245.38
"1129",112.8,2054.74,1663.81,1416.91,1246.13
"1130",112.9,2056.15,1664.9,1417.8,1246.89
"1131",113,2057.56,1666,1418.69,1247.64
"1132",113.1,2058.97,1667.09,1419.58,1248.39
"1133",113.2,2060.38,1668.18,1420.48,1249.15
"1134",113.3,2061.79,1669.27,1421.37,1249.9
"1135",113.4,2063.2,1670.37,1422.26,1250.66
"1136",113.5,2064.61,1671.46,1423.16,1251.41
"1137",113.6,2066.02,1672.55,1424.05,1252.17
"1138",113.7,2067.43,1673.64,1424.94,1252.92
"1139",113.8,2068.83,1674.74,1425.83,1253.67
"1140",113.9,2070.24,1675.83,1426.72,1254.43
"1141",114,2071.65,1676.92,1427.62,1255.18
"1142",114.1,2073.06,1678.01,1428.51,1255.93
"1143",114.2,2074.47,1679.1,1429.4,1256.69
"1144",114.3,2075.88,1680.2,1430.29,1257.44
"1145",114.4,2077.29,1681.29,1431.18,1258.2
"1146",114.5,2078.7,1682.38,1432.08,1258.95
"1147",114.6,2080.1,1683.47,1432.97,1259.7
"1148",114.7,2081.51,1684.56,1433.86,1260.46
"1149",114.8,2082.92,1685.65,1434.75,1261.21
"1150",114.9,2084.33,1686.75,1435.64,1261.96
"1151",115,2085.74,1687.84,1436.53,1262.71
"1152",115.1,2087.14,1688.93,1437.42,1263.47
"1153",115.2,2088.55,1690.02,1438.32,1264.22
"1154",115.3,2089.96,1691.11,1439.21,1264.97
"1155",115.4,2091.37,1692.2,1440.1,1265.73
"1156",115.5,2092.78,1693.29,1440.99,1266.48
"1157",115.6,2094.18,1694.38,1441.88,1267.23
"1158",115.7,2095.59,1695.48,1442.77,1267.98
"1159",115.8,2097,1696.57,1443.66,1268.74
"1160",115.9,2098.41,1697.66,1444.55,1269.49
"1161",116,2099.81,1698.75,1445.44,1270.24
"1162",116.1,2101.22,1699.84,1446.33,1270.99
"1163",116.2,2102.63,1700.93,1447.22,1271.75
"1164",116.3,2104.03,1702.02,1448.11,1272.5
"1165",116.4,2105.44,1703.11,1449,1273.25
"1166",116.5,2106.85,1704.2,1449.9,1274
"1167",116.6,2108.25,1705.29,1450.79,1274.75
"1168",116.7,2109.66,1706.38,1451.68,1275.5
"1169",116.8,2111.07,1707.47,1452.57,1276.26
"1170",116.9,2112.47,1708.56,1453.46,1277.01
"1171",117,2113.88,1709.65,1454.35,1277.76
"1172",117.1,2115.29,1710.74,1455.24,1278.51
"1173",117.2,2116.69,1711.83,1456.12,1279.26
"1174",117.3,2118.1,1712.92,1457.01,1280.01
"1175",117.4,2119.51,1714.01,1457.9,1280.77
"1176",117.5,2120.91,1715.1,1458.79,1281.52
"1177",117.6,2122.32,1716.19,1459.68,1282.27
"1178",117.7,2123.73,1717.28,1460.57,1283.02
"1179",117.8,2125.13,1718.37,1461.46,1283.77
"1180",117.9,2126.54,1719.46,1462.35,1284.52
"1181",118,2127.94,1720.54,1463.24,1285.27
"1182",118.1,2129.35,1721.63,1464.13,1286.02
"1183",118.2,2130.75,1722.72,1465.02,1286.77
"1184",118.3,2132.16,1723.81,1465.91,1287.52
"1185",118.4,2133.57,1724.9,1466.8,1288.27
"1186",118.5,2134.97,1725.99,1467.69,1289.02
"1187",118.6,2136.38,1727.08,1468.57,1289.77
"1188",118.7,2137.78,1728.17,1469.46,1290.53
"1189",118.8,2139.19,1729.26,1470.35,1291.28
"1190",118.9,2140.59,1730.34,1471.24,1292.03
"1191",119,2142,1731.43,1472.13,1292.78
"1192",119.1,2143.4,1732.52,1473.02,1293.53
"1193",119.2,2144.81,1733.61,1473.9,1294.28
"1194",119.3,2146.21,1734.7,1474.79,1295.03
"1195",119.4,2147.62,1735.79,1475.68,1295.78
"1196",119.5,2149.02,1736.87,1476.57,1296.53
"1197",119.6,2150.43,1737.96,1477.46,1297.27
"1198",119.7,2151.83,1739.05,1478.35,1298.02
"1199",119.8,2153.24,1740.14,1479.23,1298.77
"1200",119.9,2154.64,1741.22,1480.12,1299.52
"1201",120,2156.04,1742.31,1481.01,1300.27
"1202",120.1,2157.45,1743.4,1481.9,1301.02
"1203",120.2,2158.85,1744.49,1482.78,1301.77
"1204",120.3,2160.26,1745.58,1483.67,1302.52
"1205",120.4,2161.66,1746.66,1484.56,1303.27
"1206",120.5,2163.07,1747.75,1485.45,1304.02
"1207",120.6,2164.47,1748.84,1486.33,1304.77
"1208",120.7,2165.87,1749.92,1487.22,1305.52
"1209",120.8,2167.28,1751.01,1488.11,1306.27
"1210",120.9,2168.68,1752.1,1488.99,1307.01
"1211",121,2170.08,1753.19,1489.88,1307.76
"1212",121.1,2171.49,1754.27,1490.77,1308.51
"1213",121.2,2172.89,1755.36,1491.66,1309.26
"1214",121.3,2174.29,1756.45,1492.54,1310.01
"1215",121.4,2175.7,1757.53,1493.43,1310.76
"1216",121.5,2177.1,1758.62,1494.32,1311.5
"1217",121.6,2178.5,1759.71,1495.2,1312.25
"1218",121.7,2179.91,1760.79,1496.09,1313
"1219",121.8,2181.31,1761.88,1496.97,1313.75
"1220",121.9,2182.71,1762.97,1497.86,1314.5
"1221",122,2184.12,1764.05,1498.75,1315.24
"1222",122.1,2185.52,1765.14,1499.63,1315.99
"1223",122.2,2186.92,1766.22,1500.52,1316.74
"1224",122.3,2188.32,1767.31,1501.41,1317.49
"1225",122.4,2189.73,1768.4,1502.29,1318.24
"1226",122.5,2191.13,1769.48,1503.18,1318.98
"1227",122.6,2192.53,1770.57,1504.06,1319.73
"1228",122.7,2193.93,1771.65,1504.95,1320.48
"1229",122.8,2195.34,1772.74,1505.83,1321.23
"1230",122.9,2196.74,1773.82,1506.72,1321.97
"1231",123,2198.14,1774.91,1507.61,1322.72
"1232",123.1,2199.54,1776,1508.49,1323.47
"1233",123.2,2200.95,1777.08,1509.38,1324.21
"1234",123.3,2202.35,1778.17,1510.26,1324.96
"1235",123.4,2203.75,1779.25,1511.15,1325.71
"1236",123.5,2205.15,1780.34,1512.03,1326.45
"1237",123.6,2206.55,1781.42,1512.92,1327.2
"1238",123.7,2207.95,1782.51,1513.8,1327.95
"1239",123.8,2209.36,1783.59,1514.69,1328.69
"1240",123.9,2210.76,1784.68,1515.57,1329.44
"1241",124,2212.16,1785.76,1516.46,1330.19
"1242",124.1,2213.56,1786.85,1517.34,1330.93
"1243",124.2,2214.96,1787.93,1518.23,1331.68
"1244",124.3,2216.36,1789.01,1519.11,1332.43
"1245",124.4,2217.76,1790.1,1519.99,1333.17
"1246",124.5,2219.17,1791.18,1520.88,1333.92
"1247",124.6,2220.57,1792.27,1521.76,1334.66
"1248",124.7,2221.97,1793.35,1522.65,1335.41
"1249",124.8,2223.37,1794.44,1523.53,1336.16
"1250",124.9,2224.77,1795.52,1524.42,1336.9
"1251",125,2226.17,1796.6,1525.3,1337.65
"1252",125.1,2227.57,1797.69,1526.18,1338.39
"1253",125.2,2228.97,1798.77,1527.07,1339.14
"1254",125.3,2230.37,1799.86,1527.95,1339.88
"1255",125.4,2231.77,1800.94,1528.84,1340.63
"1256",125.5,2233.17,1802.02,1529.72,1341.38
"1257",125.6,2234.57,1803.11,1530.6,1342.12
"1258",125.7,2235.97,1804.19,1531.49,1342.87
"1259",125.8,2237.37,1805.27,1532.37,1343.61
"1260",125.9,2238.77,1806.36,1533.25,1344.36
"1261",126,2240.17,1807.44,1534.14,1345.1
"1262",126.1,2241.57,1808.52,1535.02,1345.85
"1263",126.2,2242.97,1809.61,1535.9,1346.59
"1264",126.3,2244.37,1810.69,1536.79,1347.34
"1265",126.4,2245.77,1811.77,1537.67,1348.08
"1266",126.5,2247.17,1812.86,1538.55,1348.82
"1267",126.6,2248.57,1813.94,1539.43,1349.57
"1268",126.7,2249.97,1815.02,1540.32,1350.31
"1269",126.8,2251.37,1816.1,1541.2,1351.06
"1270",126.9,2252.77,1817.19,1542.08,1351.8
"1271",127,2254.17,1818.27,1542.97,1352.55
"1272",127.1,2255.57,1819.35,1543.85,1353.29
"1273",127.2,2256.97,1820.43,1544.73,1354.03
"1274",127.3,2258.37,1821.52,1545.61,1354.78
"1275",127.4,2259.76,1822.6,1546.49,1355.52
"1276",127.5,2261.16,1823.68,1547.38,1356.27
"1277",127.6,2262.56,1824.76,1548.26,1357.01
"1278",127.7,2263.96,1825.85,1549.14,1357.75
"1279",127.8,2265.36,1826.93,1550.02,1358.5
"1280",127.9,2266.76,1828.01,1550.91,1359.24
"1281",128,2268.16,1829.09,1551.79,1359.98
"1282",128.1,2269.55,1830.17,1552.67,1360.73
"1283",128.2,2270.95,1831.25,1553.55,1361.47
"1284",128.3,2272.35,1832.34,1554.43,1362.21
"1285",128.4,2273.75,1833.42,1555.31,1362.96
"1286",128.5,2275.15,1834.5,1556.2,1363.7
"1287",128.6,2276.55,1835.58,1557.08,1364.44
"1288",128.7,2277.94,1836.66,1557.96,1365.19
"1289",128.8,2279.34,1837.74,1558.84,1365.93
"1290",128.9,2280.74,1838.82,1559.72,1366.67
"1291",129,2282.14,1839.91,1560.6,1367.42
"1292",129.1,2283.54,1840.99,1561.48,1368.16
"1293",129.2,2284.93,1842.07,1562.36,1368.9
"1294",129.3,2286.33,1843.15,1563.24,1369.64
"1295",129.4,2287.73,1844.23,1564.13,1370.39
"1296",129.5,2289.13,1845.31,1565.01,1371.13
"1297",129.6,2290.52,1846.39,1565.89,1371.87
"1298",129.7,2291.92,1847.47,1566.77,1372.61
"1299",129.8,2293.32,1848.55,1567.65,1373.36
"1300",129.9,2294.71,1849.63,1568.53,1374.1
"1301",130,2296.11,1850.71,1569.41,1374.84
"1302",130.1,2297.51,1851.79,1570.29,1375.58
"1303",130.2,2298.91,1852.87,1571.17,1376.32
"1304",130.3,2300.3,1853.95,1572.05,1377.07
"1305",130.4,2301.7,1855.03,1572.93,1377.81
"1306",130.5,2303.1,1856.11,1573.81,1378.55
"1307",130.6,2304.49,1857.19,1574.69,1379.29
"1308",130.7,2305.89,1858.27,1575.57,1380.03
"1309",130.8,2307.28,1859.35,1576.45,1380.77
"1310",130.9,2308.68,1860.43,1577.33,1381.51
"1311",131,2310.08,1861.51,1578.21,1382.26
"1312",131.1,2311.47,1862.59,1579.09,1383
"1313",131.2,2312.87,1863.67,1579.97,1383.74
"1314",131.3,2314.27,1864.75,1580.85,1384.48
"1315",131.4,2315.66,1865.83,1581.73,1385.22
"1316",131.5,2317.06,1866.91,1582.61,1385.96
"1317",131.6,2318.45,1867.99,1583.48,1386.7
"1318",131.7,2319.85,1869.07,1584.36,1387.44
"1319",131.8,2321.25,1870.15,1585.24,1388.18
"1320",131.9,2322.64,1871.23,1586.12,1388.92
"1321",132,2324.04,1872.3,1587,1389.66
"1322",132.1,2325.43,1873.38,1587.88,1390.41
"1323",132.2,2326.83,1874.46,1588.76,1391.15
"1324",132.3,2328.22,1875.54,1589.64,1391.89
"1325",132.4,2329.62,1876.62,1590.52,1392.63
"1326",132.5,2331.01,1877.7,1591.39,1393.37
"1327",132.6,2332.41,1878.78,1592.27,1394.11
"1328",132.7,2333.8,1879.85,1593.15,1394.85
"1329",132.8,2335.2,1880.93,1594.03,1395.59
"1330",132.9,2336.59,1882.01,1594.91,1396.33
"1331",133,2337.99,1883.09,1595.79,1397.07
"1332",133.1,2339.38,1884.17,1596.66,1397.81
"1333",133.2,2340.78,1885.25,1597.54,1398.55
"1334",133.3,2342.17,1886.32,1598.42,1399.29
"1335",133.4,2343.57,1887.4,1599.3,1400.03
"1336",133.5,2344.96,1888.48,1600.18,1400.76
"1337",133.6,2346.36,1889.56,1601.05,1401.5
"1338",133.7,2347.75,1890.63,1601.93,1402.24
"1339",133.8,2349.14,1891.71,1602.81,1402.98
"1340",133.9,2350.54,1892.79,1603.69,1403.72
"1341",134,2351.93,1893.87,1604.56,1404.46
"1342",134.1,2353.33,1894.94,1605.44,1405.2
"1343",134.2,2354.72,1896.02,1606.32,1405.94
"1344",134.3,2356.11,1897.1,1607.19,1406.68
"1345",134.4,2357.51,1898.18,1608.07,1407.42
"1346",134.5,2358.9,1899.25,1608.95,1408.16
"1347",134.6,2360.3,1900.33,1609.83,1408.89
"1348",134.7,2361.69,1901.41,1610.7,1409.63
"1349",134.8,2363.08,1902.48,1611.58,1410.37
"1350",134.9,2364.48,1903.56,1612.46,1411.11
"1351",135,2365.87,1904.64,1613.33,1411.85
"1352",135.1,2367.26,1905.71,1614.21,1412.59
"1353",135.2,2368.66,1906.79,1615.09,1413.32
"1354",135.3,2370.05,1907.87,1615.96,1414.06
"1355",135.4,2371.44,1908.94,1616.84,1414.8
"1356",135.5,2372.84,1910.02,1617.72,1415.54
"1357",135.6,2374.23,1911.1,1618.59,1416.28
"1358",135.7,2375.62,1912.17,1619.47,1417.01
"1359",135.8,2377.01,1913.25,1620.34,1417.75
"1360",135.9,2378.41,1914.32,1621.22,1418.49
"1361",136,2379.8,1915.4,1622.1,1419.23
"1362",136.1,2381.19,1916.48,1622.97,1419.97
"1363",136.2,2382.58,1917.55,1623.85,1420.7
"1364",136.3,2383.98,1918.63,1624.72,1421.44
"1365",136.4,2385.37,1919.7,1625.6,1422.18
"1366",136.5,2386.76,1920.78,1626.48,1422.91
"1367",136.6,2388.15,1921.85,1627.35,1423.65
"1368",136.7,2389.55,1922.93,1628.23,1424.39
"1369",136.8,2390.94,1924.01,1629.1,1425.13
"1370",136.9,2392.33,1925.08,1629.98,1425.86
"1371",137,2393.72,1926.16,1630.85,1426.6
"1372",137.1,2395.11,1927.23,1631.73,1427.34
"1373",137.2,2396.51,1928.31,1632.6,1428.07
"1374",137.3,2397.9,1929.38,1633.48,1428.81
"1375",137.4,2399.29,1930.46,1634.35,1429.55
"1376",137.5,2400.68,1931.53,1635.23,1430.28
"1377",137.6,2402.07,1932.61,1636.1,1431.02
"1378",137.7,2403.46,1933.68,1636.98,1431.76
"1379",137.8,2404.85,1934.76,1637.85,1432.49
"1380",137.9,2406.25,1935.83,1638.73,1433.23
"1381",138,2407.64,1936.9,1639.6,1433.96
"1382",138.1,2409.03,1937.98,1640.47,1434.7
"1383",138.2,2410.42,1939.05,1641.35,1435.44
"1384",138.3,2411.81,1940.13,1642.22,1436.17
"1385",138.4,2413.2,1941.2,1643.1,1436.91
"1386",138.5,2414.59,1942.28,1643.97,1437.64
"1387",138.6,2415.98,1943.35,1644.85,1438.38
"1388",138.7,2417.37,1944.42,1645.72,1439.12
"1389",138.8,2418.76,1945.5,1646.59,1439.85
"1390",138.9,2420.15,1946.57,1647.47,1440.59
"1391",139,2421.54,1947.65,1648.34,1441.32
"1392",139.1,2422.93,1948.72,1649.22,1442.06
"1393",139.2,2424.32,1949.79,1650.09,1442.79
"1394",139.3,2425.72,1950.87,1650.96,1443.53
"1395",139.4,2427.11,1951.94,1651.84,1444.26
"1396",139.5,2428.5,1953.01,1652.71,1445
"1397",139.6,2429.89,1954.09,1653.58,1445.73
"1398",139.7,2431.28,1955.16,1654.46,1446.47
"1399",139.8,2432.67,1956.23,1655.33,1447.2
"1400",139.9,2434.05,1957.31,1656.2,1447.94
"1401",140,2435.44,1958.38,1657.08,1448.67
"1402",140.1,2436.83,1959.45,1657.95,1449.41
"1403",140.2,2438.22,1960.53,1658.82,1450.14
"1404",140.3,2439.61,1961.6,1659.69,1450.88
"1405",140.4,2441,1962.67,1660.57,1451.61
"1406",140.5,2442.39,1963.74,1661.44,1452.35
"1407",140.6,2443.78,1964.82,1662.31,1453.08
"1408",140.7,2445.17,1965.89,1663.18,1453.81
"1409",140.8,2446.56,1966.96,1664.06,1454.55
"1410",140.9,2447.95,1968.03,1664.93,1455.28
"1411",141,2449.34,1969.11,1665.8,1456.02
"1412",141.1,2450.73,1970.18,1666.67,1456.75
"1413",141.2,2452.12,1971.25,1667.55,1457.48
"1414",141.3,2453.5,1972.32,1668.42,1458.22
"1415",141.4,2454.89,1973.39,1669.29,1458.95
"1416",141.5,2456.28,1974.47,1670.16,1459.68
"1417",141.6,2457.67,1975.54,1671.03,1460.42
"1418",141.7,2459.06,1976.61,1671.91,1461.15
"1419",141.8,2460.45,1977.68,1672.78,1461.88
"1420",141.9,2461.83,1978.75,1673.65,1462.62
"1421",142,2463.22,1979.82,1674.52,1463.35
"1422",142.1,2464.61,1980.9,1675.39,1464.08
"1423",142.2,2466,1981.97,1676.26,1464.82
"1424",142.3,2467.39,1983.04,1677.13,1465.55
"1425",142.4,2468.78,1984.11,1678.01,1466.28
"1426",142.5,2470.16,1985.18,1678.88,1467.02
"1427",142.6,2471.55,1986.25,1679.75,1467.75
"1428",142.7,2472.94,1987.32,1680.62,1468.48
"1429",142.8,2474.33,1988.39,1681.49,1469.21
"1430",142.9,2475.71,1989.47,1682.36,1469.95
"1431",143,2477.1,1990.54,1683.23,1470.68
"1432",143.1,2478.49,1991.61,1684.1,1471.41
"1433",143.2,2479.88,1992.68,1684.97,1472.14
"1434",143.3,2481.26,1993.75,1685.84,1472.88
"1435",143.4,2482.65,1994.82,1686.71,1473.61
"1436",143.5,2484.04,1995.89,1687.59,1474.34
"1437",143.6,2485.43,1996.96,1688.46,1475.07
"1438",143.7,2486.81,1998.03,1689.33,1475.81
"1439",143.8,2488.2,1999.1,1690.2,1476.54
"1440",143.9,2489.59,2000.17,1691.07,1477.27
"1441",144,2490.97,2001.24,1691.94,1478
"1442",144.1,2492.36,2002.31,1692.81,1478.73
"1443",144.2,2493.75,2003.38,1693.68,1479.46
"1444",144.3,2495.13,2004.45,1694.55,1480.2
"1445",144.4,2496.52,2005.52,1695.42,1480.93
"1446",144.5,2497.91,2006.59,1696.29,1481.66
"1447",144.6,2499.29,2007.66,1697.16,1482.39
"1448",144.7,2500.68,2008.73,1698.03,1483.12
"1449",144.8,2502.06,2009.8,1698.89,1483.85
"1450",144.9,2503.45,2010.87,1699.76,1484.58
"1451",145,2504.84,2011.94,1700.63,1485.31
"1452",145.1,2506.22,2013.01,1701.5,1486.05
"1453",145.2,2507.61,2014.08,1702.37,1486.78
"1454",145.3,2508.99,2015.15,1703.24,1487.51
"1455",145.4,2510.38,2016.21,1704.11,1488.24
"1456",145.5,2511.77,2017.28,1704.98,1488.97
"1457",145.6,2513.15,2018.35,1705.85,1489.7
"1458",145.7,2514.54,2019.42,1706.72,1490.43
"1459",145.8,2515.92,2020.49,1707.59,1491.16
"1460",145.9,2517.31,2021.56,1708.45,1491.89
"1461",146,2518.69,2022.63,1709.32,1492.62
"1462",146.1,2520.08,2023.7,1710.19,1493.35
"1463",146.2,2521.46,2024.76,1711.06,1494.08
"1464",146.3,2522.85,2025.83,1711.93,1494.81
"1465",146.4,2524.23,2026.9,1712.8,1495.54
"1466",146.5,2525.62,2027.97,1713.67,1496.27
"1467",146.6,2527,2029.04,1714.53,1497
"1468",146.7,2528.39,2030.11,1715.4,1497.73
"1469",146.8,2529.77,2031.17,1716.27,1498.46
"1470",146.9,2531.16,2032.24,1717.14,1499.19
"1471",147,2532.54,2033.31,1718.01,1499.92
"1472",147.1,2533.93,2034.38,1718.87,1500.65
"1473",147.2,2535.31,2035.45,1719.74,1501.38
"1474",147.3,2536.69,2036.51,1720.61,1502.11
"1475",147.4,2538.08,2037.58,1721.48,1502.84
"1476",147.5,2539.46,2038.65,1722.34,1503.57
"1477",147.6,2540.85,2039.72,1723.21,1504.3
"1478",147.7,2542.23,2040.78,1724.08,1505.02
"1479",147.8,2543.62,2041.85,1724.95,1505.75
"1480",147.9,2545,2042.92,1725.81,1506.48
"1481",148,2546.38,2043.98,1726.68,1507.21
"1482",148.1,2547.77,2045.05,1727.55,1507.94
"1483",148.2,2549.15,2046.12,1728.41,1508.67
"1484",148.3,2550.53,2047.19,1729.28,1509.4
"1485",148.4,2551.92,2048.25,1730.15,1510.13
"1486",148.5,2553.3,2049.32,1731.02,1510.85
"1487",148.6,2554.68,2050.39,1731.88,1511.58
"1488",148.7,2556.07,2051.45,1732.75,1512.31
"1489",148.8,2557.45,2052.52,1733.62,1513.04
"1490",148.9,2558.83,2053.59,1734.48,1513.77
"1491",149,2560.22,2054.65,1735.35,1514.5
"1492",149.1,2561.6,2055.72,1736.21,1515.22
"1493",149.2,2562.98,2056.79,1737.08,1515.95
"1494",149.3,2564.37,2057.85,1737.95,1516.68
"1495",149.4,2565.75,2058.92,1738.81,1517.41
"1496",149.5,2567.13,2059.98,1739.68,1518.14
"1497",149.6,2568.51,2061.05,1740.55,1518.86
"1498",149.7,2569.9,2062.12,1741.41,1519.59
"1499",149.8,2571.28,2063.18,1742.28,1520.32
"1500",149.9,2572.66,2064.25,1743.14,1521.05
"1501",150,2574.04,2065.31,1744.01,1521.77
