x	qy	smooth	tpara	cd	zL	xTr	xCpl	frame	tma
-3.239	0.6061	603.61	13	66	46	1004000	1314000	240	9.8
-3.223	0.9502	568.23	13	66	46	1004000	1314000	240	9.8
-3.206	0.5125	534.41	13	66	46	1004000	1314000	240	9.8
-3.19	0.4129	502.1	13	66	46	1004000	1314000	240	9.8
-3.174	0.3389	471.24	13	66	46	1004000	1314000	240	9.8
-3.158	0.3826	441.8	13	66	46	1004000	1314000	240	9.8
-3.142	0.303	413.73	13	66	46	1004000	1314000	240	9.8
-3.126	0.3516	387.02	13	66	46	1004000	1314000	240	9.8
-3.11	0.3184	361.64	13	66	46	1004000	1314000	240	9.8
-3.094	0.3002	337.57	13	66	46	1004000	1314000	240	9.8
-3.077	0.2784	314.81	13	66	46	1004000	1314000	240	9.8
-3.061	0.2694	293.35	13	66	46	1004000	1314000	240	9.8
-3.045	0.2528	273.21	13	66	46	1004000	1314000	240	9.8
-3.029	0.2438	254.4	13	66	46	1004000	1314000	240	9.8
-3.013	0.2391	236.95	13	66	46	1004000	1314000	240	9.8
-2.997	0.2252	220.9	13	66	46	1004000	1314000	240	9.8
-2.981	0.2212	206.31	13	66	46	1004000	1314000	240	9.8
-2.965	0.2148	193.24	13	66	46	1004000	1314000	240	9.8
-2.948	0.203	181.76	13	66	46	1004000	1314000	240	9.8
-2.932	0.1941	171.97	13	66	46	1004000	1314000	240	9.8
-2.916	0.1813	163.91	13	66	46	1004000	1314000	240	9.8
-2.9	0.1687	157.48	13	66	46	1004000	1314000	240	9.8
-2.884	0.1583	152.02	13	66	46	1004000	1314000	240	9.8
-2.868	0.1481	145.68	13	66	46	1004000	1314000	240	9.8
-2.852	0.1356	137.39	13	66	46	1004000	1314000	240	9.8
-2.835	0.1261	129.32	13	66	46	1004000	1314000	240	9.8
-2.819	0.1188	121.73	13	66	46	1004000	1314000	240	9.8
-2.803	0.109	114.7	13	66	46	1004000	1314000	240	9.8
-2.787	0.1016	108.25	13	66	46	1004000	1314000	240	9.8
-2.771	0.0972	102.42	13	66	46	1004000	1314000	240	9.8
-2.755	0.0914	97.21	13	66	46	1004000	1314000	240	9.8
-2.739	0.0887	92.67	13	66	46	1004000	1314000	240	9.8
-2.723	0.084	88.84	13	66	46	1004000	1314000	240	9.8
-2.706	0.0826	85.73	13	66	46	1004000	1314000	240	9.8
-2.69	0.0793	83.35	13	66	46	1004000	1314000	240	9.8
-2.674	0.0804	81.66	13	66	46	1004000	1314000	240	9.8
-2.658	0.0803	80.62	13	66	46	1004000	1314000	240	9.8
-2.642	0.0806	80.17	13	66	46	1004000	1314000	240	9.8
-2.626	0.0816	80.24	13	66	46	1004000	1314000	240	9.8
-2.61	0.0818	80.74	13	66	46	1004000	1314000	240	9.8
-2.594	0.0837	81.61	13	66	46	1004000	1314000	240	9.8
-2.577	0.0847	82.75	13	66	46	1004000	1314000	240	9.8
-2.561	0.0863	84.12	13	66	46	1004000	1314000	240	9.8
-2.545	0.088	85.64	13	66	46	1004000	1314000	240	9.8
-2.529	0.0888	87.26	13	66	46	1004000	1314000	240	9.8
-2.513	0.0912	88.93	13	66	46	1004000	1314000	240	9.8
-2.497	0.0902	90.6	13	66	46	1004000	1314000	240	9.8
-2.481	0.0916	92.25	13	66	46	1004000	1314000	240	9.8
-2.465	0.0931	93.83	13	66	46	1004000	1314000	240	9.8
-2.448	0.0937	95.33	13	66	46	1004000	1314000	240	9.8
-2.432	0.0989	96.72	13	66	46	1004000	1314000	240	9.8
-2.416	0.0995	97.98	13	66	46	1004000	1314000	240	9.8
-2.4	0.101	99.11	13	66	46	1004000	1314000	240	9.8
-2.384	0.1022	100.1	13	66	46	1004000	1314000	240	9.8
-2.368	0.1002	100.94	13	66	46	1004000	1314000	240	9.8
-2.352	0.104	101.64	13	66	46	1004000	1314000	240	9.8
-2.335	0.1037	102.19	13	66	46	1004000	1314000	240	9.8
-2.319	0.1031	102.61	13	66	46	1004000	1314000	240	9.8
-2.303	0.1047	102.89	13	66	46	1004000	1314000	240	9.8
-2.287	0.1029	103.05	13	66	46	1004000	1314000	240	9.8
-2.271	0.1031	103.07	13	66	46	1004000	1314000	240	9.8
-2.255	0.1044	102.97	13	66	46	1004000	1314000	240	9.8
-2.239	0.1014	102.76	13	66	46	1004000	1314000	240	9.8
-2.223	0.105	102.44	13	66	46	1004000	1314000	240	9.8
-2.206	0.1002	102.03	13	66	46	1004000	1314000	240	9.8
-2.19	0.1031	101.55	13	66	46	1004000	1314000	240	9.8
-2.174	0.1003	101.01	13	66	46	1004000	1314000	240	9.8
-2.158	0.099	100.43	13	66	46	1004000	1314000	240	9.8
-2.142	0.0984	99.84	13	66	46	1004000	1314000	240	9.8
-2.126	0.0984	99.25	13	66	46	1004000	1314000	240	9.8
-2.11	0.0976	98.67	13	66	46	1004000	1314000	240	9.8
-2.094	0.0989	98.12	13	66	46	1004000	1314000	240	9.8
-2.077	0.0977	97.59	13	66	46	1004000	1314000	240	9.8
-2.061	0.0967	97.08	13	66	46	1004000	1314000	240	9.8
-2.045	0.0951	96.6	13	66	46	1004000	1314000	240	9.8
-2.029	0.0975	96.14	13	66	46	1004000	1314000	240	9.8
-2.013	0.0967	95.71	13	66	46	1004000	1314000	240	9.8
-1.997	0.0927	95.29	13	66	46	1004000	1314000	240	9.8
-1.981	0.094	94.88	13	66	46	1004000	1314000	240	9.8
-1.965	0.0931	94.48	13	66	46	1004000	1314000	240	9.8
-1.948	0.0947	94.08	13	66	46	1004000	1314000	240	9.8
-1.932	0.0939	93.67	13	66	46	1004000	1314000	240	9.8
-1.916	0.0951	93.24	13	66	46	1004000	1314000	240	9.8
-1.9	0.0927	92.8	13	66	46	1004000	1314000	240	9.8
-1.884	0.0926	92.35	13	66	46	1004000	1314000	240	9.8
-1.868	0.0927	91.88	13	66	46	1004000	1314000	240	9.8
-1.852	0.0922	91.39	13	66	46	1004000	1314000	240	9.8
-1.835	0.0918	90.9	13	66	46	1004000	1314000	240	9.8
-1.819	0.0915	90.4	13	66	46	1004000	1314000	240	9.8
-1.803	0.0894	89.89	13	66	46	1004000	1314000	240	9.8
-1.787	0.0882	89.38	13	66	46	1004000	1314000	240	9.8
-1.771	0.0896	88.87	13	66	46	1004000	1314000	240	9.8
-1.755	0.0885	88.36	13	66	46	1004000	1314000	240	9.8
-1.739	0.087	87.86	13	66	46	1004000	1314000	240	9.8
-1.723	0.087	87.35	13	66	46	1004000	1314000	240	9.8
-1.706	0.0865	86.86	13	66	46	1004000	1314000	240	9.8
-1.69	0.0855	86.39	13	66	46	1004000	1314000	240	9.8
-1.674	0.0854	85.93	13	66	46	1004000	1314000	240	9.8
-1.658	0.0844	85.5	13	66	46	1004000	1314000	240	9.8
-1.642	0.0858	85.1	13	66	46	1004000	1314000	240	9.8
-1.626	0.0845	84.73	13	66	46	1004000	1314000	240	9.8
-1.61	0.0842	84.39	13	66	46	1004000	1314000	240	9.8
-1.594	0.0839	84.07	13	66	46	1004000	1314000	240	9.8
-1.577	0.0864	83.77	13	66	46	1004000	1314000	240	9.8
-1.561	0.0829	83.49	13	66	46	1004000	1314000	240	9.8
-1.545	0.0825	83.22	13	66	46	1004000	1314000	240	9.8
-1.529	0.0826	82.97	13	66	46	1004000	1314000	240	9.8
-1.513	0.0834	82.72	13	66	46	1004000	1314000	240	9.8
-1.497	0.0815	82.47	13	66	46	1004000	1314000	240	9.8
-1.481	0.0827	82.23	13	66	46	1004000	1314000	240	9.8
-1.465	0.0826	81.99	13	66	46	1004000	1314000	240	9.8
-1.448	0.0818	81.76	13	66	46	1004000	1314000	240	9.8
-1.432	0.0819	81.52	13	66	46	1004000	1314000	240	9.8
-1.416	0.081	81.27	13	66	46	1004000	1314000	240	9.8
-1.4	0.081	81.03	13	66	46	1004000	1314000	240	9.8
-1.384	0.0809	80.78	13	66	46	1004000	1314000	240	9.8
-1.368	0.0808	80.54	13	66	46	1004000	1314000	240	9.8
-1.352	0.08	80.3	13	66	46	1004000	1314000	240	9.8
-1.335	0.0799	80.06	13	66	46	1004000	1314000	240	9.8
-1.319	0.0785	79.82	13	66	46	1004000	1314000	240	9.8
-1.303	0.0794	79.57	13	66	46	1004000	1314000	240	9.8
-1.287	0.0796	79.32	13	66	46	1004000	1314000	240	9.8
-1.271	0.0799	79.07	13	66	46	1004000	1314000	240	9.8
-1.255	0.0796	78.81	13	66	46	1004000	1314000	240	9.8
-1.239	0.0793	78.55	13	66	46	1004000	1314000	240	9.8
-1.223	0.0776	78.29	13	66	46	1004000	1314000	240	9.8
-1.206	0.0774	78.02	13	66	46	1004000	1314000	240	9.8
-1.19	0.0787	77.77	13	66	46	1004000	1314000	240	9.8
-1.174	0.0774	77.51	13	66	46	1004000	1314000	240	9.8
-1.158	0.0772	77.27	13	66	46	1004000	1314000	240	9.8
-1.142	0.0766	77.03	13	66	46	1004000	1314000	240	9.8
-1.126	0.0768	76.79	13	66	46	1004000	1314000	240	9.8
-1.11	0.0769	76.56	13	66	46	1004000	1314000	240	9.8
-1.094	0.0766	76.33	13	66	46	1004000	1314000	240	9.8
-1.077	0.0761	76.1	13	66	46	1004000	1314000	240	9.8
-1.061	0.0759	75.87	13	66	46	1004000	1314000	240	9.8
-1.045	0.0742	75.64	13	66	46	1004000	1314000	240	9.8
-1.029	0.0746	75.41	13	66	46	1004000	1314000	240	9.8
-1.013	0.0742	75.17	13	66	46	1004000	1314000	240	9.8
-0.997	0.0763	74.95	13	66	46	1004000	1314000	240	9.8
-0.981	0.0757	74.73	13	66	46	1004000	1314000	240	9.8
-0.965	0.0745	74.52	13	66	46	1004000	1314000	240	9.8
-0.948	0.0742	74.32	13	66	46	1004000	1314000	240	9.8
-0.932	0.075	74.12	13	66	46	1004000	1314000	240	9.8
-0.916	0.0733	73.93	13	66	46	1004000	1314000	240	9.8
-0.9	0.074	73.74	13	66	46	1004000	1314000	240	9.8
-0.884	0.0744	73.55	13	66	46	1004000	1314000	240	9.8
-0.868	0.0725	73.35	13	66	46	1004000	1314000	240	9.8
-0.852	0.0733	73.16	13	66	46	1004000	1314000	240	9.8
-0.835	0.0733	72.96	13	66	46	1004000	1314000	240	9.8
-0.819	0.0718	72.76	13	66	46	1004000	1314000	240	9.8
-0.803	0.0724	72.55	13	66	46	1004000	1314000	240	9.8
-0.787	0.0726	72.34	13	66	46	1004000	1314000	240	9.8
-0.771	0.0704	72.11	13	66	46	1004000	1314000	240	9.8
-0.755	0.0718	71.89	13	66	46	1004000	1314000	240	9.8
-0.739	0.0728	71.66	13	66	46	1004000	1314000	240	9.8
-0.723	0.0718	71.43	13	66	46	1004000	1314000	240	9.8
-0.706	0.0723	71.2	13	66	46	1004000	1314000	240	9.8
-0.69	0.0717	70.98	13	66	46	1004000	1314000	240	9.8
-0.674	0.0706	70.77	13	66	46	1004000	1314000	240	9.8
-0.658	0.0703	70.56	13	66	46	1004000	1314000	240	9.8
-0.642	0.0707	70.36	13	66	46	1004000	1314000	240	9.8
-0.626	0.0683	70.15	13	66	46	1004000	1314000	240	9.8
-0.61	0.0702	69.95	13	66	46	1004000	1314000	240	9.8
-0.594	0.0711	69.74	13	66	46	1004000	1314000	240	9.8
-0.577	0.0692	69.54	13	66	46	1004000	1314000	240	9.8
-0.561	0.0681	69.33	13	66	46	1004000	1314000	240	9.8
-0.545	0.0691	69.12	13	66	46	1004000	1314000	240	9.8
-0.529	0.0686	68.9	13	66	46	1004000	1314000	240	9.8
-0.513	0.0691	68.68	13	66	46	1004000	1314000	240	9.8
-0.497	0.0683	68.46	13	66	46	1004000	1314000	240	9.8
-0.481	0.0683	68.24	13	66	46	1004000	1314000	240	9.8
-0.465	0.0685	68.02	13	66	46	1004000	1314000	240	9.8
-0.448	0.0681	67.81	13	66	46	1004000	1314000	240	9.8
-0.432	0.0675	67.6	13	66	46	1004000	1314000	240	9.8
-0.416	0.0672	67.39	13	66	46	1004000	1314000	240	9.8
-0.4	0.0685	67.19	13	66	46	1004000	1314000	240	9.8
-0.384	0.0668	67	13	66	46	1004000	1314000	240	9.8
-0.368	0.0669	66.82	13	66	46	1004000	1314000	240	9.8
-0.352	0.0677	66.65	13	66	46	1004000	1314000	240	9.8
-0.335	0.0654	66.5	13	66	46	1004000	1314000	240	9.8
-0.319	0.0664	66.36	13	66	46	1004000	1314000	240	9.8
-0.304	0.0652	66.25	13	66	46	1004000	1314000	240	9.8
-0.289	0.0663	66.15	13	66	46	1004000	1314000	240	9.8
-0.275	0.0663	66.08	13	66	46	1004000	1314000	240	9.8
-0.261	0.0651	66.04	13	66	46	1004000	1314000	240	9.8
-0.248	0.0656	66.02	13	66	46	1004000	1314000	240	9.8
-0.235	0.0661	66.02	13	66	46	1004000	1314000	240	9.8
-0.223	0.0643	66.05	13	66	46	1004000	1314000	240	9.8
-0.212	0.0661	66.09	13	66	46	1004000	1314000	240	9.8
-0.2	0.066	66.14	13	66	46	1004000	1314000	240	9.8
-0.19	0.0659	66.19	13	66	46	1004000	1314000	240	9.8
-0.18	0.0672	66.23	13	66	46	1004000	1314000	240	9.8
-0.17	0.0658	66.26	13	66	46	1004000	1314000	240	9.8
-0.16	0.066	66.27	13	66	46	1004000	1314000	240	9.8
-0.151	0.067	66.27	13	66	46	1004000	1314000	240	9.8
-0.143	0.0675	66.24	13	66	46	1004000	1314000	240	9.8
-0.134	0.0676	66.18	13	66	46	1004000	1314000	240	9.8
-0.126	0.065	66.08	13	66	46	1004000	1314000	240	9.8
-0.119	0.0642	65.94	13	66	46	1004000	1314000	240	9.8
-0.111	0.0668	65.75	13	66	46	1004000	1314000	240	9.8
-0.104	0.0672	65.51	13	66	46	1004000	1314000	240	9.8
-0.097	0.0661	65.22	13	66	46	1004000	1314000	240	9.8
-0.091	0.0637	64.87	13	66	46	1004000	1314000	240	9.8
-0.085	0.0687	64.48	13	66	46	1004000	1314000	240	9.8
-0.079	0.0601	64.05	13	66	46	1004000	1314000	240	9.8
-0.073	0.0647	63.57	13	66	46	1004000	1314000	240	9.8
-0.067	0.0603	63.07	13	66	46	1004000	1314000	240	9.8
-0.062	0.0617	62.54	13	66	46	1004000	1314000	240	9.8
-0.057	0.0661	61.97	13	66	46	1004000	1314000	240	9.8
-0.052	0.0586	61.38	13	66	46	1004000	1314000	240	9.8
-0.047	0.0603	60.77	13	66	46	1004000	1314000	240	9.8
-0.043	0.0639	60.14	13	66	46	1004000	1314000	240	9.8
-0.039	0.0587	59.5	13	66	46	1004000	1314000	240	9.8
-0.034	0.059	58.85	13	66	46	1004000	1314000	240	9.8
-0.03	0.059	58.2	13	66	46	1004000	1314000	240	9.8
-0.027	0.0507	57.55	13	66	46	1004000	1314000	240	9.8
-0.023	0.0609	56.9	13	66	46	1004000	1314000	240	9.8
-0.019	0.0587	56.25	13	66	46	1004000	1314000	240	9.8
-0.016	0.0534	55.61	13	66	46	1004000	1314000	240	9.8
-0.013	0.0512	54.98	13	66	46	1004000	1314000	240	9.8
-0.01	0.0558	54.37	13	66	46	1004000	1314000	240	9.8
-0.006	0.0594	53.78	13	66	46	1004000	1314000	240	9.8
-0.003	0.0525	53.19	13	66	46	1004000	1314000	240	9.8
0	0.0505	52.62	13	66	46	1004000	1314000	240	9.8
0.003	0.0523	52.06	13	66	46	1004000	1314000	240	9.8
0.006	0.0508	51.51	13	66	46	1004000	1314000	240	9.8
0.01	0.0486	50.97	13	66	46	1004000	1314000	240	9.8
0.013	0.0484	50.46	13	66	46	1004000	1314000	240	9.8
0.016	0.0537	49.99	13	66	46	1004000	1314000	240	9.8
0.019	0.0505	49.55	13	66	46	1004000	1314000	240	9.8
0.023	0.0499	49.14	13	66	46	1004000	1314000	240	9.8
0.026	0.0476	48.77	13	66	46	1004000	1314000	240	9.8
0.029	0.0481	48.43	13	66	46	1004000	1314000	240	9.8
0.032	0.0476	48.12	13	66	46	1004000	1314000	240	9.8
0.035	0.0475	47.82	13	66	46	1004000	1314000	240	9.8
0.039	0.0449	47.55	13	66	46	1004000	1314000	240	9.8
0.042	0.0517	47.31	13	66	46	1004000	1314000	240	9.8
0.045	0.0457	47.07	13	66	46	1004000	1314000	240	9.8
0.048	0.0488	46.85	13	66	46	1004000	1314000	240	9.8
0.052	0.0431	46.62	13	66	46	1004000	1314000	240	9.8
0.055	0.0428	46.38	13	66	46	1004000	1314000	240	9.8
0.058	0.0498	46.14	13	66	46	1004000	1314000	240	9.8
0.061	0.0447	45.88	13	66	46	1004000	1314000	240	9.8
0.065	0.0429	45.62	13	66	46	1004000	1314000	240	9.8
0.068	0.0493	45.34	13	66	46	1004000	1314000	240	9.8
0.071	0.0475	45.06	13	66	46	1004000	1314000	240	9.8
0.074	0.048	44.79	13	66	46	1004000	1314000	240	9.8
0.077	0.0444	44.52	13	66	46	1004000	1314000	240	9.8
0.081	0.0452	44.26	13	66	46	1004000	1314000	240	9.8
0.084	0.0411	44	13	66	46	1004000	1314000	240	9.8
0.087	0.0405	43.73	13	66	46	1004000	1314000	240	9.8
0.09	0.0463	43.46	13	66	46	1004000	1314000	240	9.8
0.094	0.042	43.19	13	66	46	1004000	1314000	240	9.8
0.097	0.0439	42.93	13	66	46	1004000	1314000	240	9.8
0.1	0.0429	42.69	13	66	46	1004000	1314000	240	9.8
0.103	0.0413	42.47	13	66	46	1004000	1314000	240	9.8
0.106	0.0402	42.27	13	66	46	1004000	1314000	240	9.8
0.11	0.0406	42.11	13	66	46	1004000	1314000	240	9.8
0.113	0.043	41.98	13	66	46	1004000	1314000	240	9.8
0.116	0.0435	41.87	13	66	46	1004000	1314000	240	9.8
0.119	0.0413	41.8	13	66	46	1004000	1314000	240	9.8
0.123	0.0425	41.76	13	66	46	1004000	1314000	240	9.8
0.126	0.0406	41.75	13	66	46	1004000	1314000	240	9.8
0.129	0.0422	41.76	13	66	46	1004000	1314000	240	9.8
0.132	0.0414	41.77	13	66	46	1004000	1314000	240	9.8
0.135	0.0404	41.78	13	66	46	1004000	1314000	240	9.8
0.139	0.0446	41.78	13	66	46	1004000	1314000	240	9.8
0.142	0.0407	41.77	13	66	46	1004000	1314000	240	9.8
0.145	0.0407	41.73	13	66	46	1004000	1314000	240	9.8
0.148	0.0404	41.67	13	66	46	1004000	1314000	240	9.8
0.152	0.0441	41.61	13	66	46	1004000	1314000	240	9.8
0.155	0.0433	41.55	13	66	46	1004000	1314000	240	9.8
0.158	0.0434	41.49	13	66	46	1004000	1314000	240	9.8
0.161	0.0409	41.44	13	66	46	1004000	1314000	240	9.8
0.165	0.0431	41.4	13	66	46	1004000	1314000	240	9.8
0.168	0.0398	41.38	13	66	46	1004000	1314000	240	9.8
0.171	0.0408	41.38	13	66	46	1004000	1314000	240	9.8
0.174	0.0403	41.4	13	66	46	1004000	1314000	240	9.8
0.177	0.0413	41.44	13	66	46	1004000	1314000	240	9.8
0.181	0.0393	41.49	13	66	46	1004000	1314000	240	9.8
0.184	0.0427	41.55	13	66	46	1004000	1314000	240	9.8
0.187	0.0398	41.6	13	66	46	1004000	1314000	240	9.8
0.19	0.0409	41.65	13	66	46	1004000	1314000	240	9.8
0.194	0.0437	41.71	13	66	46	1004000	1314000	240	9.8
0.197	0.0393	41.78	13	66	46	1004000	1314000	240	9.8
0.2	0.0418	41.87	13	66	46	1004000	1314000	240	9.8
0.203	0.0418	41.97	13	66	46	1004000	1314000	240	9.8
0.206	0.0439	42.09	13	66	46	1004000	1314000	240	9.8
0.21	0.0426	42.24	13	66	46	1004000	1314000	240	9.8
0.213	0.0453	42.4	13	66	46	1004000	1314000	240	9.8
0.216	0.0421	42.58	13	66	46	1004000	1314000	240	9.8
0.219	0.044	42.76	13	66	46	1004000	1314000	240	9.8
0.223	0.0442	42.92	13	66	46	1004000	1314000	240	9.8
0.226	0.0419	43.07	13	66	46	1004000	1314000	240	9.8
0.229	0.0429	43.19	13	66	46	1004000	1314000	240	9.8
0.232	0.0429	43.29	13	66	46	1004000	1314000	240	9.8
0.235	0.0387	43.37	13	66	46	1004000	1314000	240	9.8
0.239	0.0455	43.43	13	66	46	1004000	1314000	240	9.8
0.242	0.0403	43.47	13	66	46	1004000	1314000	240	9.8
0.245	0.0437	43.5	13	66	46	1004000	1314000	240	9.8
0.248	0.043	43.51	13	66	46	1004000	1314000	240	9.8
0.252	0.0479	43.52	13	66	46	1004000	1314000	240	9.8
0.255	0.0467	43.53	13	66	46	1004000	1314000	240	9.8
0.258	0.0423	43.54	13	66	46	1004000	1314000	240	9.8
0.261	0.0426	43.56	13	66	46	1004000	1314000	240	9.8
0.265	0.0429	43.59	13	66	46	1004000	1314000	240	9.8
0.268	0.0474	43.64	13	66	46	1004000	1314000	240	9.8
0.271	0.0431	43.68	13	66	46	1004000	1314000	240	9.8
0.274	0.0396	43.72	13	66	46	1004000	1314000	240	9.8
0.277	0.0446	43.75	13	66	46	1004000	1314000	240	9.8
0.281	0.0411	43.77	13	66	46	1004000	1314000	240	9.8
0.284	0.0445	43.77	13	66	46	1004000	1314000	240	9.8
0.287	0.047	43.77	13	66	46	1004000	1314000	240	9.8
0.29	0.0436	43.76	13	66	46	1004000	1314000	240	9.8
0.294	0.0405	43.76	13	66	46	1004000	1314000	240	9.8
0.297	0.0442	43.76	13	66	46	1004000	1314000	240	9.8
0.3	0.044	43.79	13	66	46	1004000	1314000	240	9.8
0.303	0.0441	43.83	13	66	46	1004000	1314000	240	9.8
0.306	0.0442	43.89	13	66	46	1004000	1314000	240	9.8
0.31	0.0432	43.96	13	66	46	1004000	1314000	240	9.8
0.313	0.047	44.04	13	66	46	1004000	1314000	240	9.8
0.316	0.0427	44.11	13	66	46	1004000	1314000	240	9.8
0.319	0.045	44.17	13	66	46	1004000	1314000	240	9.8
0.323	0.0434	44.22	13	66	46	1004000	1314000	240	9.8
0.326	0.0444	44.26	13	66	46	1004000	1314000	240	9.8
0.329	0.0429	44.28	13	66	46	1004000	1314000	240	9.8
0.332	0.0425	44.28	13	66	46	1004000	1314000	240	9.8
0.335	0.0437	44.26	13	66	46	1004000	1314000	240	9.8
0.339	0.0494	44.23	13	66	46	1004000	1314000	240	9.8
0.342	0.0421	44.19	13	66	46	1004000	1314000	240	9.8
0.345	0.0463	44.14	13	66	46	1004000	1314000	240	9.8
0.348	0.0427	44.09	13	66	46	1004000	1314000	240	9.8
0.352	0.0472	44.05	13	66	46	1004000	1314000	240	9.8
0.355	0.0407	44.03	13	66	46	1004000	1314000	240	9.8
0.358	0.0456	44.02	13	66	46	1004000	1314000	240	9.8
0.361	0.0437	44.01	13	66	46	1004000	1314000	240	9.8
0.365	0.043	44.02	13	66	46	1004000	1314000	240	9.8
0.368	0.0418	44.04	13	66	46	1004000	1314000	240	9.8
0.371	0.0451	44.05	13	66	46	1004000	1314000	240	9.8
0.374	0.0446	44.06	13	66	46	1004000	1314000	240	9.8
0.377	0.0437	44.05	13	66	46	1004000	1314000	240	9.8
0.381	0.0422	44.04	13	66	46	1004000	1314000	240	9.8
0.384	0.0468	44.02	13	66	46	1004000	1314000	240	9.8
0.387	0.0428	43.99	13	66	46	1004000	1314000	240	9.8
0.39	0.0404	43.97	13	66	46	1004000	1314000	240	9.8
0.394	0.0442	43.94	13	66	46	1004000	1314000	240	9.8
0.397	0.0478	43.92	13	66	46	1004000	1314000	240	9.8
0.4	0.043	43.9	13	66	46	1004000	1314000	240	9.8
0.403	0.0428	43.89	13	66	46	1004000	1314000	240	9.8
0.406	0.0481	43.87	13	66	46	1004000	1314000	240	9.8
0.41	0.0488	43.84	13	66	46	1004000	1314000	240	9.8
0.413	0.0418	43.8	13	66	46	1004000	1314000	240	9.8
0.416	0.0415	43.77	13	66	46	1004000	1314000	240	9.8
0.419	0.0432	43.73	13	66	46	1004000	1314000	240	9.8
0.423	0.0383	43.69	13	66	46	1004000	1314000	240	9.8
0.426	0.0467	43.65	13	66	46	1004000	1314000	240	9.8
0.429	0.0433	43.61	13	66	46	1004000	1314000	240	9.8
0.432	0.0431	43.58	13	66	46	1004000	1314000	240	9.8
0.435	0.0437	43.56	13	66	46	1004000	1314000	240	9.8
0.439	0.0419	43.55	13	66	46	1004000	1314000	240	9.8
0.442	0.0474	43.55	13	66	46	1004000	1314000	240	9.8
0.445	0.043	43.58	13	66	46	1004000	1314000	240	9.8
0.448	0.0408	43.62	13	66	46	1004000	1314000	240	9.8
0.452	0.0451	43.68	13	66	46	1004000	1314000	240	9.8
0.455	0.0449	43.77	13	66	46	1004000	1314000	240	9.8
0.458	0.042	43.86	13	66	46	1004000	1314000	240	9.8
0.461	0.0444	43.98	13	66	46	1004000	1314000	240	9.8
0.465	0.0459	44.1	13	66	46	1004000	1314000	240	9.8
0.468	0.0413	44.23	13	66	46	1004000	1314000	240	9.8
0.471	0.0462	44.35	13	66	46	1004000	1314000	240	9.8
0.474	0.0466	44.47	13	66	46	1004000	1314000	240	9.8
0.477	0.0432	44.59	13	66	46	1004000	1314000	240	9.8
0.481	0.0445	44.71	13	66	46	1004000	1314000	240	9.8
0.484	0.0446	44.82	13	66	46	1004000	1314000	240	9.8
0.487	0.0437	44.94	13	66	46	1004000	1314000	240	9.8
0.49	0.0456	45.08	13	66	46	1004000	1314000	240	9.8
0.494	0.0469	45.24	13	66	46	1004000	1314000	240	9.8
0.497	0.0438	45.41	13	66	46	1004000	1314000	240	9.8
0.5	0.0469	45.59	13	66	46	1004000	1314000	240	9.8
0.503	0.0464	45.78	13	66	46	1004000	1314000	240	9.8
0.506	0.044	45.97	13	66	46	1004000	1314000	240	9.8
0.51	0.0456	46.17	13	66	46	1004000	1314000	240	9.8
0.513	0.0468	46.38	13	66	46	1004000	1314000	240	9.8
0.516	0.0428	46.59	13	66	46	1004000	1314000	240	9.8
0.519	0.0521	46.8	13	66	46	1004000	1314000	240	9.8
0.523	0.0455	47.01	13	66	46	1004000	1314000	240	9.8
0.526	0.0466	47.23	13	66	46	1004000	1314000	240	9.8
0.529	0.0486	47.45	13	66	46	1004000	1314000	240	9.8
0.532	0.0474	47.67	13	66	46	1004000	1314000	240	9.8
0.535	0.0478	47.88	13	66	46	1004000	1314000	240	9.8
0.539	0.048	48.1	13	66	46	1004000	1314000	240	9.8
0.542	0.0471	48.31	13	66	46	1004000	1314000	240	9.8
0.545	0.0501	48.52	13	66	46	1004000	1314000	240	9.8
0.548	0.0497	48.72	13	66	46	1004000	1314000	240	9.8
0.552	0.0503	48.92	13	66	46	1004000	1314000	240	9.8
0.555	0.0478	49.11	13	66	46	1004000	1314000	240	9.8
0.558	0.0473	49.29	13	66	46	1004000	1314000	240	9.8
0.561	0.0518	49.47	13	66	46	1004000	1314000	240	9.8
0.565	0.0478	49.64	13	66	46	1004000	1314000	240	9.8
0.568	0.0504	49.8	13	66	46	1004000	1314000	240	9.8
0.571	0.0508	49.97	13	66	46	1004000	1314000	240	9.8
0.574	0.0486	50.15	13	66	46	1004000	1314000	240	9.8
0.577	0.0505	50.34	13	66	46	1004000	1314000	240	9.8
0.581	0.0507	50.53	13	66	46	1004000	1314000	240	9.8
0.584	0.0522	50.74	13	66	46	1004000	1314000	240	9.8
0.587	0.0506	50.96	13	66	46	1004000	1314000	240	9.8
0.59	0.0486	51.17	13	66	46	1004000	1314000	240	9.8
0.594	0.0548	51.4	13	66	46	1004000	1314000	240	9.8
0.597	0.0498	51.64	13	66	46	1004000	1314000	240	9.8
0.6	0.054	51.89	13	66	46	1004000	1314000	240	9.8
0.603	0.0475	52.14	13	66	46	1004000	1314000	240	9.8
0.606	0.0548	52.4	13	66	46	1004000	1314000	240	9.8
0.61	0.0535	52.66	13	66	46	1004000	1314000	240	9.8
0.613	0.05	52.91	13	66	46	1004000	1314000	240	9.8
0.616	0.053900000000000003	53.17	13	66	46	1004000	1314000	240	9.8
0.619	0.0569	53.43	13	66	46	1004000	1314000	240	9.8
0.623	0.0515	53.69	13	66	46	1004000	1314000	240	9.8
0.626	0.0556	53.96	13	66	46	1004000	1314000	240	9.8
0.629	0.0526	54.25	13	66	46	1004000	1314000	240	9.8
0.632	0.0576	54.54	13	66	46	1004000	1314000	240	9.8
0.635	0.0526	54.87	13	66	46	1004000	1314000	240	9.8
0.639	0.0569	55.21	13	66	46	1004000	1314000	240	9.8
0.642	0.0533	55.59	13	66	46	1004000	1314000	240	9.8
0.645	0.0557	56	13	66	46	1004000	1314000	240	9.8
0.648	0.06	56.44	13	66	46	1004000	1314000	240	9.8
0.652	0.0501	56.89	13	66	46	1004000	1314000	240	9.8
0.655	0.0635	57.36	13	66	46	1004000	1314000	240	9.8
0.658	0.0583	57.85	13	66	46	1004000	1314000	240	9.8
0.661	0.0535	58.34	13	66	46	1004000	1314000	240	9.8
0.665	0.0571	58.84	13	66	46	1004000	1314000	240	9.8
0.668	0.0575	59.35	13	66	46	1004000	1314000	240	9.8
0.671	0.0625	59.86	13	66	46	1004000	1314000	240	9.8
0.674	0.0623	60.39	13	66	46	1004000	1314000	240	9.8
0.677	0.0626	60.93	13	66	46	1004000	1314000	240	9.8
0.681	0.0584	61.48	13	66	46	1004000	1314000	240	9.8
0.684	0.0601	62.03	13	66	46	1004000	1314000	240	9.8
0.687	0.0699	62.59	13	66	46	1004000	1314000	240	9.8
0.69	0.0585	63.15	13	66	46	1004000	1314000	240	9.8
0.694	0.0676	63.71	13	66	46	1004000	1314000	240	9.8
0.697	0.0663	64.26	13	66	46	1004000	1314000	240	9.8
0.7	0.0644	64.8	13	66	46	1004000	1314000	240	9.8
0.703	0.0619	65.33	13	66	46	1004000	1314000	240	9.8
0.706	0.0655	65.85	13	66	46	1004000	1314000	240	9.8
0.71	0.0656	66.35	13	66	46	1004000	1314000	240	9.8
0.713	0.0649	66.83	13	66	46	1004000	1314000	240	9.8
0.716	0.0676	67.3	13	66	46	1004000	1314000	240	9.8
0.719	0.0665	67.75	13	66	46	1004000	1314000	240	9.8
0.723	0.0732	68.19	13	66	46	1004000	1314000	240	9.8
0.726	0.0653	68.62	13	66	46	1004000	1314000	240	9.8
0.729	0.0699	69.04	13	66	46	1004000	1314000	240	9.8
0.732	0.071	69.45	13	66	46	1004000	1314000	240	9.8
0.735	0.0679	69.87	13	66	46	1004000	1314000	240	9.8
0.739	0.0726	70.28	13	66	46	1004000	1314000	240	9.8
0.742	0.0697	70.68	13	66	46	1004000	1314000	240	9.8
0.745	0.0715	71.06	13	66	46	1004000	1314000	240	9.8
0.748	0.0723	71.43	13	66	46	1004000	1314000	240	9.8
0.752	0.0729	71.79	13	66	46	1004000	1314000	240	9.8
0.755	0.0696	72.14	13	66	46	1004000	1314000	240	9.8
0.758	0.0705	72.48	13	66	46	1004000	1314000	240	9.8
0.761	0.0759	72.79	13	66	46	1004000	1314000	240	9.8
0.765	0.0732	73.1	13	66	46	1004000	1314000	240	9.8
0.768	0.0707	73.39	13	66	46	1004000	1314000	240	9.8
0.771	0.0779	73.66	13	66	46	1004000	1314000	240	9.8
0.774	0.0686	73.94	13	66	46	1004000	1314000	240	9.8
0.777	0.0723	74.2	13	66	46	1004000	1314000	240	9.8
0.781	0.0811	74.44	13	66	46	1004000	1314000	240	9.8
0.784	0.072	74.66	13	66	46	1004000	1314000	240	9.8
0.787	0.074	74.86	13	66	46	1004000	1314000	240	9.8
0.79	0.0734	75.03	13	66	46	1004000	1314000	240	9.8
0.794	0.0766	75.15	13	66	46	1004000	1314000	240	9.8
0.797	0.0752	75.24	13	66	46	1004000	1314000	240	9.8
0.8	0.074	75.29	13	66	46	1004000	1314000	240	9.8
0.803	0.0774	75.31	13	66	46	1004000	1314000	240	9.8
0.806	0.0775	75.29	13	66	46	1004000	1314000	240	9.8
0.81	0.0779	75.26	13	66	46	1004000	1314000	240	9.8
0.813	0.0733	75.21	13	66	46	1004000	1314000	240	9.8
0.816	0.0741	75.14	13	66	46	1004000	1314000	240	9.8
0.819	0.0778	75.07	13	66	46	1004000	1314000	240	9.8
0.823	0.0745	75	13	66	46	1004000	1314000	240	9.8
0.826	0.0723	74.92	13	66	46	1004000	1314000	240	9.8
0.829	0.0791	74.85	13	66	46	1004000	1314000	240	9.8
0.832	0.0683	74.77	13	66	46	1004000	1314000	240	9.8
0.835	0.0777	74.69	13	66	46	1004000	1314000	240	9.8
0.839	0.0725	74.59	13	66	46	1004000	1314000	240	9.8
0.842	0.0709	74.5	13	66	46	1004000	1314000	240	9.8
0.845	0.0781	74.41	13	66	46	1004000	1314000	240	9.8
0.848	0.0698	74.31	13	66	46	1004000	1314000	240	9.8
0.852	0.079	74.21	13	66	46	1004000	1314000	240	9.8
0.855	0.0692	74.11	13	66	46	1004000	1314000	240	9.8
0.858	0.0749	74.01	13	66	46	1004000	1314000	240	9.8
0.861	0.0768	73.92	13	66	46	1004000	1314000	240	9.8
0.865	0.0767	73.84	13	66	46	1004000	1314000	240	9.8
0.868	0.0735	73.77	13	66	46	1004000	1314000	240	9.8
0.871	0.0762	73.71	13	66	46	1004000	1314000	240	9.8
0.874	0.0714	73.64	13	66	46	1004000	1314000	240	9.8
0.877	0.0761	73.57	13	66	46	1004000	1314000	240	9.8
0.881	0.07	73.49	13	66	46	1004000	1314000	240	9.8
0.884	0.0757	73.39	13	66	46	1004000	1314000	240	9.8
0.887	0.0716	73.29	13	66	46	1004000	1314000	240	9.8
0.89	0.073	73.19	13	66	46	1004000	1314000	240	9.8
0.894	0.0717	73.08	13	66	46	1004000	1314000	240	9.8
0.897	0.0724	72.97	13	66	46	1004000	1314000	240	9.8
0.9	0.0714	72.87	13	66	46	1004000	1314000	240	9.8
0.903	0.0742	72.79	13	66	46	1004000	1314000	240	9.8
0.906	0.0736	72.73	13	66	46	1004000	1314000	240	9.8
0.91	0.0715	72.7	13	66	46	1004000	1314000	240	9.8
0.913	0.0699	72.68	13	66	46	1004000	1314000	240	9.8
0.916	0.0756	72.69	13	66	46	1004000	1314000	240	9.8
0.919	0.0753	72.71	13	66	46	1004000	1314000	240	9.8
0.923	0.0725	72.75	13	66	46	1004000	1314000	240	9.8
0.926	0.0713	72.78	13	66	46	1004000	1314000	240	9.8
0.929	0.0739	72.82	13	66	46	1004000	1314000	240	9.8
0.932	0.0725	72.84	13	66	46	1004000	1314000	240	9.8
0.935	0.0697	72.84	13	66	46	1004000	1314000	240	9.8
0.939	0.0739	72.83	13	66	46	1004000	1314000	240	9.8
0.942	0.0721	72.79	13	66	46	1004000	1314000	240	9.8
0.945	0.0758	72.75	13	66	46	1004000	1314000	240	9.8
0.948	0.0736	72.7	13	66	46	1004000	1314000	240	9.8
0.952	0.0728	72.63	13	66	46	1004000	1314000	240	9.8
0.955	0.0707	72.57	13	66	46	1004000	1314000	240	9.8
0.958	0.0737	72.5	13	66	46	1004000	1314000	240	9.8
0.961	0.0732	72.44	13	66	46	1004000	1314000	240	9.8
0.965	0.0734	72.39	13	66	46	1004000	1314000	240	9.8
0.968	0.0726	72.36	13	66	46	1004000	1314000	240	9.8
0.971	0.0683	72.33	13	66	46	1004000	1314000	240	9.8
0.974	0.0728	72.31	13	66	46	1004000	1314000	240	9.8
0.977	0.0736	72.29	13	66	46	1004000	1314000	240	9.8
0.981	0.0715	72.26	13	66	46	1004000	1314000	240	9.8
0.984	0.0715	72.23	13	66	46	1004000	1314000	240	9.8
0.987	0.0716	72.19	13	66	46	1004000	1314000	240	9.8
0.99	0.0694	72.15	13	66	46	1004000	1314000	240	9.8
0.994	0.0765	72.09	13	66	46	1004000	1314000	240	9.8
0.997	0.072	72.05	13	66	46	1004000	1314000	240	9.8
1	0.071	72.03	13	66	46	1004000	1314000	240	9.8
1.003	0.0732	72.02	13	66	46	1004000	1314000	240	9.8
1.006	0.0716	72.03	13	66	46	1004000	1314000	240	9.8
1.01	0.0724	72.06	13	66	46	1004000	1314000	240	9.8
1.013	0.0726	72.09	13	66	46	1004000	1314000	240	9.8
1.016	0.0737	72.13	13	66	46	1004000	1314000	240	9.8
1.019	0.0712	72.16	13	66	46	1004000	1314000	240	9.8
1.023	0.0748	72.18	13	66	46	1004000	1314000	240	9.8
1.026	0.0699	72.21	13	66	46	1004000	1314000	240	9.8
1.029	0.07	72.23	13	66	46	1004000	1314000	240	9.8
1.032	0.0725	72.25	13	66	46	1004000	1314000	240	9.8
1.035	0.0704	72.27	13	66	46	1004000	1314000	240	9.8
1.039	0.0715	72.29	13	66	46	1004000	1314000	240	9.8
1.042	0.0723	72.33	13	66	46	1004000	1314000	240	9.8
1.045	0.0732	72.37	13	66	46	1004000	1314000	240	9.8
1.048	0.0727	72.42	13	66	46	1004000	1314000	240	9.8
1.052	0.0764	72.47	13	66	46	1004000	1314000	240	9.8
1.055	0.0705	72.52	13	66	46	1004000	1314000	240	9.8
1.058	0.0742	72.58	13	66	46	1004000	1314000	240	9.8
1.061	0.074	72.65	13	66	46	1004000	1314000	240	9.8
1.065	0.0706	72.73	13	66	46	1004000	1314000	240	9.8
1.068	0.0719	72.8	13	66	46	1004000	1314000	240	9.8
1.071	0.0729	72.88	13	66	46	1004000	1314000	240	9.8
1.074	0.0723	72.97	13	66	46	1004000	1314000	240	9.8
1.077	0.0719	73.05	13	66	46	1004000	1314000	240	9.8
1.081	0.0738	73.12	13	66	46	1004000	1314000	240	9.8
1.084	0.0746	73.19	13	66	46	1004000	1314000	240	9.8
1.087	0.0738	73.25	13	66	46	1004000	1314000	240	9.8
1.09	0.0735	73.3	13	66	46	1004000	1314000	240	9.8
1.094	0.0737	73.35	13	66	46	1004000	1314000	240	9.8
1.097	0.0714	73.41	13	66	46	1004000	1314000	240	9.8
1.1	0.0742	73.47	13	66	46	1004000	1314000	240	9.8
1.103	0.0717	73.54	13	66	46	1004000	1314000	240	9.8
1.106	0.0746	73.62	13	66	46	1004000	1314000	240	9.8
1.11	0.0718	73.69	13	66	46	1004000	1314000	240	9.8
1.113	0.0738	73.77	13	66	46	1004000	1314000	240	9.8
1.116	0.0771	73.85	13	66	46	1004000	1314000	240	9.8
1.119	0.0765	73.92	13	66	46	1004000	1314000	240	9.8
1.123	0.0721	73.99	13	66	46	1004000	1314000	240	9.8
1.126	0.0729	74.06	13	66	46	1004000	1314000	240	9.8
1.129	0.0741	74.12	13	66	46	1004000	1314000	240	9.8
1.132	0.076	74.17	13	66	46	1004000	1314000	240	9.8
1.135	0.0715	74.22	13	66	46	1004000	1314000	240	9.8
1.139	0.0749	74.27	13	66	46	1004000	1314000	240	9.8
1.142	0.0727	74.3	13	66	46	1004000	1314000	240	9.8
1.145	0.0765	74.33	13	66	46	1004000	1314000	240	9.8
1.148	0.0732	74.36	13	66	46	1004000	1314000	240	9.8
1.152	0.0742	74.39	13	66	46	1004000	1314000	240	9.8
1.155	0.0773	74.41	13	66	46	1004000	1314000	240	9.8
1.158	0.0725	74.43	13	66	46	1004000	1314000	240	9.8
1.161	0.0741	74.45	13	66	46	1004000	1314000	240	9.8
1.165	0.0753	74.48	13	66	46	1004000	1314000	240	9.8
1.168	0.0728	74.52	13	66	46	1004000	1314000	240	9.8
1.171	0.0778	74.58	13	66	46	1004000	1314000	240	9.8
1.174	0.0736	74.65	13	66	46	1004000	1314000	240	9.8
1.177	0.0757	74.73	13	66	46	1004000	1314000	240	9.8
1.181	0.075	74.81	13	66	46	1004000	1314000	240	9.8
1.184	0.0724	74.88	13	66	46	1004000	1314000	240	9.8
1.187	0.0749	74.95	13	66	46	1004000	1314000	240	9.8
1.19	0.073	75.02	13	66	46	1004000	1314000	240	9.8
1.194	0.0741	75.08	13	66	46	1004000	1314000	240	9.8
1.197	0.078	75.15	13	66	46	1004000	1314000	240	9.8
1.2	0.0761	75.22	13	66	46	1004000	1314000	240	9.8
1.203	0.0729	75.3	13	66	46	1004000	1314000	240	9.8
1.206	0.0787	75.38	13	66	46	1004000	1314000	240	9.8
1.21	0.075	75.47	13	66	46	1004000	1314000	240	9.8
1.213	0.0752	75.55	13	66	46	1004000	1314000	240	9.8
1.216	0.075	75.63	13	66	46	1004000	1314000	240	9.8
1.219	0.0735	75.69	13	66	46	1004000	1314000	240	9.8
1.223	0.0804	75.74	13	66	46	1004000	1314000	240	9.8
1.226	0.0736	75.77	13	66	46	1004000	1314000	240	9.8
1.229	0.077	75.77	13	66	46	1004000	1314000	240	9.8
1.232	0.0743	75.77	13	66	46	1004000	1314000	240	9.8
1.235	0.0771	75.75	13	66	46	1004000	1314000	240	9.8
1.239	0.0743	75.72	13	66	46	1004000	1314000	240	9.8
1.242	0.0743	75.68	13	66	46	1004000	1314000	240	9.8
1.245	0.0774	75.65	13	66	46	1004000	1314000	240	9.8
1.248	0.076	75.62	13	66	46	1004000	1314000	240	9.8
1.252	0.0785	75.6	13	66	46	1004000	1314000	240	9.8
1.255	0.0736	75.58	13	66	46	1004000	1314000	240	9.8
1.258	0.0755	75.58	13	66	46	1004000	1314000	240	9.8
1.261	0.0771	75.57	13	66	46	1004000	1314000	240	9.8
1.265	0.0715	75.58	13	66	46	1004000	1314000	240	9.8
1.268	0.0782	75.58	13	66	46	1004000	1314000	240	9.8
1.271	0.0752	75.58	13	66	46	1004000	1314000	240	9.8
1.274	0.0708	75.58	13	66	46	1004000	1314000	240	9.8
1.277	0.0775	75.58	13	66	46	1004000	1314000	240	9.8
1.281	0.0762	75.59	13	66	46	1004000	1314000	240	9.8
1.284	0.0764	75.6	13	66	46	1004000	1314000	240	9.8
1.287	0.0738	75.62	13	66	46	1004000	1314000	240	9.8
1.29	0.0775	75.64	13	66	46	1004000	1314000	240	9.8
1.294	0.0756	75.66	13	66	46	1004000	1314000	240	9.8
1.297	0.0797	75.69	13	66	46	1004000	1314000	240	9.8
1.3	0.0757	75.71	13	66	46	1004000	1314000	240	9.8
1.303	0.0723	75.75	13	66	46	1004000	1314000	240	9.8
1.306	0.0769	75.78	13	66	46	1004000	1314000	240	9.8
1.31	0.0754	75.83	13	66	46	1004000	1314000	240	9.8
1.313	0.0741	75.88	13	66	46	1004000	1314000	240	9.8
1.316	0.0763	75.92	13	66	46	1004000	1314000	240	9.8
1.319	0.0765	75.97	13	66	46	1004000	1314000	240	9.8
1.323	0.0749	76	13	66	46	1004000	1314000	240	9.8
1.326	0.081	76.04	13	66	46	1004000	1314000	240	9.8
1.329	0.0697	76.07	13	66	46	1004000	1314000	240	9.8
1.332	0.0773	76.09	13	66	46	1004000	1314000	240	9.8
1.335	0.0803	76.11	13	66	46	1004000	1314000	240	9.8
1.339	0.073	76.14	13	66	46	1004000	1314000	240	9.8
1.342	0.073	76.17	13	66	46	1004000	1314000	240	9.8
1.345	0.0795	76.2	13	66	46	1004000	1314000	240	9.8
1.348	0.0766	76.23	13	66	46	1004000	1314000	240	9.8
1.352	0.0766	76.26	13	66	46	1004000	1314000	240	9.8
1.355	0.075	76.28	13	66	46	1004000	1314000	240	9.8
1.358	0.0777	76.3	13	66	46	1004000	1314000	240	9.8
1.361	0.0751	76.32	13	66	46	1004000	1314000	240	9.8
1.365	0.0793	76.33	13	66	46	1004000	1314000	240	9.8
1.368	0.0774	76.33	13	66	46	1004000	1314000	240	9.8
1.371	0.0748	76.33	13	66	46	1004000	1314000	240	9.8
1.374	0.0746	76.33	13	66	46	1004000	1314000	240	9.8
1.377	0.0769	76.33	13	66	46	1004000	1314000	240	9.8
1.381	0.075	76.34	13	66	46	1004000	1314000	240	9.8
1.384	0.0777	76.34	13	66	46	1004000	1314000	240	9.8
1.387	0.0747	76.35	13	66	46	1004000	1314000	240	9.8
1.39	0.0748	76.35	13	66	46	1004000	1314000	240	9.8
1.394	0.0785	76.35	13	66	46	1004000	1314000	240	9.8
1.397	0.0783	76.35	13	66	46	1004000	1314000	240	9.8
1.4	0.0743	76.34	13	66	46	1004000	1314000	240	9.8
1.403	0.077	76.33	13	66	46	1004000	1314000	240	9.8
1.406	0.0741	76.33	13	66	46	1004000	1314000	240	9.8
1.41	0.079	76.32	13	66	46	1004000	1314000	240	9.8
1.413	0.0745	76.31	13	66	46	1004000	1314000	240	9.8
1.416	0.0791	76.3	13	66	46	1004000	1314000	240	9.8
1.419	0.0749	76.29	13	66	46	1004000	1314000	240	9.8
1.423	0.0771	76.27	13	66	46	1004000	1314000	240	9.8
1.426	0.0756	76.26	13	66	46	1004000	1314000	240	9.8
1.429	0.0777	76.25	13	66	46	1004000	1314000	240	9.8
1.432	0.0746	76.23	13	66	46	1004000	1314000	240	9.8
1.435	0.0754	76.2	13	66	46	1004000	1314000	240	9.8
1.439	0.0777	76.16	13	66	46	1004000	1314000	240	9.8
1.442	0.0756	76.11	13	66	46	1004000	1314000	240	9.8
1.445	0.0785	76.07	13	66	46	1004000	1314000	240	9.8
1.448	0.0714	76.04	13	66	46	1004000	1314000	240	9.8
1.452	0.0774	76	13	66	46	1004000	1314000	240	9.8
1.455	0.0762	75.97	13	66	46	1004000	1314000	240	9.8
1.458	0.0745	75.96	13	66	46	1004000	1314000	240	9.8
1.461	0.0777	75.95	13	66	46	1004000	1314000	240	9.8
1.465	0.0756	75.97	13	66	46	1004000	1314000	240	9.8
1.468	0.0768	75.99	13	66	46	1004000	1314000	240	9.8
1.471	0.0744	76.02	13	66	46	1004000	1314000	240	9.8
1.474	0.0766	76.06	13	66	46	1004000	1314000	240	9.8
1.477	0.0773	76.1	13	66	46	1004000	1314000	240	9.8
1.481	0.077	76.14	13	66	46	1004000	1314000	240	9.8
1.484	0.0732	76.17	13	66	46	1004000	1314000	240	9.8
1.487	0.0821	76.21	13	66	46	1004000	1314000	240	9.8
1.49	0.0705	76.24	13	66	46	1004000	1314000	240	9.8
1.494	0.0725	76.27	13	66	46	1004000	1314000	240	9.8
1.497	0.0772	76.29	13	66	46	1004000	1314000	240	9.8
1.5	0.0785	76.3	13	66	46	1004000	1314000	240	9.8
1.503	0.082	76.31	13	66	46	1004000	1314000	240	9.8
1.506	0.0742	76.32	13	66	46	1004000	1314000	240	9.8
1.51	0.0722	76.33	13	66	46	1004000	1314000	240	9.8
1.513	0.0792	76.35	13	66	46	1004000	1314000	240	9.8
1.516	0.0781	76.38	13	66	46	1004000	1314000	240	9.8
1.519	0.0779	76.42	13	66	46	1004000	1314000	240	9.8
1.523	0.074	76.46	13	66	46	1004000	1314000	240	9.8
1.526	0.0774	76.5	13	66	46	1004000	1314000	240	9.8
1.529	0.0713	76.52	13	66	46	1004000	1314000	240	9.8
1.532	0.079	76.54	13	66	46	1004000	1314000	240	9.8
1.535	0.0758	76.54	13	66	46	1004000	1314000	240	9.8
1.539	0.0765	76.53	13	66	46	1004000	1314000	240	9.8
1.542	0.0768	76.52	13	66	46	1004000	1314000	240	9.8
1.545	0.08	76.51	13	66	46	1004000	1314000	240	9.8
1.548	0.0726	76.49	13	66	46	1004000	1314000	240	9.8
1.552	0.0792	76.48	13	66	46	1004000	1314000	240	9.8
1.555	0.0734	76.48	13	66	46	1004000	1314000	240	9.8
1.558	0.0777	76.48	13	66	46	1004000	1314000	240	9.8
1.561	0.0775	76.5	13	66	46	1004000	1314000	240	9.8
1.565	0.0795	76.53	13	66	46	1004000	1314000	240	9.8
1.568	0.0739	76.58	13	66	46	1004000	1314000	240	9.8
1.571	0.0796	76.62	13	66	46	1004000	1314000	240	9.8
1.574	0.0763	76.67	13	66	46	1004000	1314000	240	9.8
1.577	0.0756	76.72	13	66	46	1004000	1314000	240	9.8
1.581	0.0732	76.77	13	66	46	1004000	1314000	240	9.8
1.584	0.0757	76.83	13	66	46	1004000	1314000	240	9.8
1.587	0.0765	76.89	13	66	46	1004000	1314000	240	9.8
1.59	0.0783	76.95	13	66	46	1004000	1314000	240	9.8
1.594	0.0778	77.02	13	66	46	1004000	1314000	240	9.8
1.597	0.0781	77.1	13	66	46	1004000	1314000	240	9.8
1.6	0.0773	77.19	13	66	46	1004000	1314000	240	9.8
1.603	0.0775	77.29	13	66	46	1004000	1314000	240	9.8
1.606	0.0743	77.39	13	66	46	1004000	1314000	240	9.8
1.61	0.0808	77.47	13	66	46	1004000	1314000	240	9.8
1.613	0.0766	77.54	13	66	46	1004000	1314000	240	9.8
1.616	0.0771	77.6	13	66	46	1004000	1314000	240	9.8
1.619	0.0784	77.64	13	66	46	1004000	1314000	240	9.8
1.623	0.0785	77.67	13	66	46	1004000	1314000	240	9.8
1.626	0.0749	77.68	13	66	46	1004000	1314000	240	9.8
1.629	0.0825	77.69	13	66	46	1004000	1314000	240	9.8
1.632	0.0777	77.69	13	66	46	1004000	1314000	240	9.8
1.635	0.074	77.68	13	66	46	1004000	1314000	240	9.8
1.639	0.0784	77.67	13	66	46	1004000	1314000	240	9.8
1.642	0.0797	77.66	13	66	46	1004000	1314000	240	9.8
1.645	0.0766	77.64	13	66	46	1004000	1314000	240	9.8
1.648	0.0794	77.62	13	66	46	1004000	1314000	240	9.8
1.652	0.0754	77.6	13	66	46	1004000	1314000	240	9.8
1.655	0.0779	77.58	13	66	46	1004000	1314000	240	9.8
1.658	0.078	77.54	13	66	46	1004000	1314000	240	9.8
1.661	0.0752	77.5	13	66	46	1004000	1314000	240	9.8
1.665	0.0762	77.46	13	66	46	1004000	1314000	240	9.8
1.668	0.0756	77.41	13	66	46	1004000	1314000	240	9.8
1.671	0.0797	77.35	13	66	46	1004000	1314000	240	9.8
1.674	0.0787	77.3	13	66	46	1004000	1314000	240	9.8
1.677	0.0757	77.24	13	66	46	1004000	1314000	240	9.8
1.681	0.0799	77.18	13	66	46	1004000	1314000	240	9.8
1.684	0.0777	77.12	13	66	46	1004000	1314000	240	9.8
1.687	0.0799	77.06	13	66	46	1004000	1314000	240	9.8
1.69	0.0768	77.02	13	66	46	1004000	1314000	240	9.8
1.694	0.0764	76.99	13	66	46	1004000	1314000	240	9.8
1.697	0.0737	76.98	13	66	46	1004000	1314000	240	9.8
1.7	0.0795	76.97	13	66	46	1004000	1314000	240	9.8
1.703	0.0721	76.97	13	66	46	1004000	1314000	240	9.8
1.706	0.0813	76.98	13	66	46	1004000	1314000	240	9.8
1.71	0.072	76.98	13	66	46	1004000	1314000	240	9.8
1.713	0.0768	76.97	13	66	46	1004000	1314000	240	9.8
1.716	0.0806	76.96	13	66	46	1004000	1314000	240	9.8
1.719	0.0774	76.94	13	66	46	1004000	1314000	240	9.8
1.723	0.0762	76.93	13	66	46	1004000	1314000	240	9.8
1.726	0.0757	76.91	13	66	46	1004000	1314000	240	9.8
1.729	0.0764	76.89	13	66	46	1004000	1314000	240	9.8
1.732	0.0754	76.87	13	66	46	1004000	1314000	240	9.8
1.735	0.0754	76.84	13	66	46	1004000	1314000	240	9.8
1.739	0.0797	76.8	13	66	46	1004000	1314000	240	9.8
1.742	0.0813	76.75	13	66	46	1004000	1314000	240	9.8
1.745	0.0767	76.7	13	66	46	1004000	1314000	240	9.8
1.748	0.0769	76.66	13	66	46	1004000	1314000	240	9.8
1.752	0.0788	76.63	13	66	46	1004000	1314000	240	9.8
1.755	0.0766	76.61	13	66	46	1004000	1314000	240	9.8
1.758	0.0719	76.59	13	66	46	1004000	1314000	240	9.8
1.761	0.0791	76.6	13	66	46	1004000	1314000	240	9.8
1.765	0.0743	76.61	13	66	46	1004000	1314000	240	9.8
1.768	0.0763	76.64	13	66	46	1004000	1314000	240	9.8
1.771	0.0758	76.69	13	66	46	1004000	1314000	240	9.8
1.774	0.0755	76.76	13	66	46	1004000	1314000	240	9.8
1.777	0.0771	76.86	13	66	46	1004000	1314000	240	9.8
1.781	0.081	76.97	13	66	46	1004000	1314000	240	9.8
1.784	0.0723	77.1	13	66	46	1004000	1314000	240	9.8
1.787	0.0738	77.24	13	66	46	1004000	1314000	240	9.8
1.79	0.0765	77.39	13	66	46	1004000	1314000	240	9.8
1.794	0.0812	77.56	13	66	46	1004000	1314000	240	9.8
1.797	0.0759	77.75	13	66	46	1004000	1314000	240	9.8
1.8	0.0802	77.95	13	66	46	1004000	1314000	240	9.8
1.803	0.0864	78.15	13	66	46	1004000	1314000	240	9.8
1.806	0.075	78.35	13	66	46	1004000	1314000	240	9.8
1.81	0.08	78.51	13	66	46	1004000	1314000	240	9.8
1.813	0.077	78.64	13	66	46	1004000	1314000	240	9.8
1.816	0.0738	78.72	13	66	46	1004000	1314000	240	9.8
1.819	0.0816	78.76	13	66	46	1004000	1314000	240	9.8
1.823	0.0777	78.76	13	66	46	1004000	1314000	240	9.8
1.826	0.0807	78.73	13	66	46	1004000	1314000	240	9.8
1.829	0.0783	78.7	13	66	46	1004000	1314000	240	9.8
1.832	0.0802	78.66	13	66	46	1004000	1314000	240	9.8
1.835	0.0793	78.62	13	66	46	1004000	1314000	240	9.8
1.839	0.0787	78.58	13	66	46	1004000	1314000	240	9.8
1.842	0.0767	78.54	13	66	46	1004000	1314000	240	9.8
1.845	0.0781	78.51	13	66	46	1004000	1314000	240	9.8
1.848	0.0786	78.49	13	66	46	1004000	1314000	240	9.8
1.852	0.0798	78.5	13	66	46	1004000	1314000	240	9.8
1.855	0.0795	78.53	13	66	46	1004000	1314000	240	9.8
1.858	0.0761	78.59	13	66	46	1004000	1314000	240	9.8
1.861	0.0776	78.67	13	66	46	1004000	1314000	240	9.8
1.865	0.0764	78.75	13	66	46	1004000	1314000	240	9.8
1.868	0.0808	78.84	13	66	46	1004000	1314000	240	9.8
1.871	0.0742	78.94	13	66	46	1004000	1314000	240	9.8
1.874	0.0803	79.04	13	66	46	1004000	1314000	240	9.8
1.877	0.0831	79.13	13	66	46	1004000	1314000	240	9.8
1.881	0.0783	79.22	13	66	46	1004000	1314000	240	9.8
1.884	0.079	79.31	13	66	46	1004000	1314000	240	9.8
1.887	0.0845	79.4	13	66	46	1004000	1314000	240	9.8
1.89	0.0778	79.49	13	66	46	1004000	1314000	240	9.8
1.894	0.0798	79.56	13	66	46	1004000	1314000	240	9.8
1.897	0.0756	79.63	13	66	46	1004000	1314000	240	9.8
1.9	0.0798	79.68	13	66	46	1004000	1314000	240	9.8
1.903	0.08	79.71	13	66	46	1004000	1314000	240	9.8
1.906	0.0825	79.72	13	66	46	1004000	1314000	240	9.8
1.91	0.0816	79.7	13	66	46	1004000	1314000	240	9.8
1.913	0.0779	79.66	13	66	46	1004000	1314000	240	9.8
1.916	0.0796	79.58	13	66	46	1004000	1314000	240	9.8
1.919	0.0784	79.47	13	66	46	1004000	1314000	240	9.8
1.923	0.0785	79.32	13	66	46	1004000	1314000	240	9.8
1.926	0.0767	79.16	13	66	46	1004000	1314000	240	9.8
1.929	0.0877	78.98	13	66	46	1004000	1314000	240	9.8
1.933	0.0757	78.8	13	66	46	1004000	1314000	240	9.8
1.936	0.075	78.63	13	66	46	1004000	1314000	240	9.8
1.94	0.0773	78.47	13	66	46	1004000	1314000	240	9.8
1.944	0.079	78.34	13	66	46	1004000	1314000	240	9.8
1.948	0.0812	78.24	13	66	46	1004000	1314000	240	9.8
1.953	0.0844	78.16	13	66	46	1004000	1314000	240	9.8
1.957	0.0742	78.11	13	66	46	1004000	1314000	240	9.8
1.962	0.0799	78.11	13	66	46	1004000	1314000	240	9.8
1.967	0.0753	78.15	13	66	46	1004000	1314000	240	9.8
1.972	0.0792	78.25	13	66	46	1004000	1314000	240	9.8
1.977	0.0745	78.41	13	66	46	1004000	1314000	240	9.8
1.982	0.0772	78.64	13	66	46	1004000	1314000	240	9.8
1.988	0.0797	78.93	13	66	46	1004000	1314000	240	9.8
1.994	0.0779	79.29	13	66	46	1004000	1314000	240	9.8
2	0.0785	79.71	13	66	46	1004000	1314000	240	9.8
2.007	0.0808	80.2	13	66	46	1004000	1314000	240	9.8
2.014	0.0795	80.76	13	66	46	1004000	1314000	240	9.8
2.021	0.0821	81.38	13	66	46	1004000	1314000	240	9.8
2.028	0.0829	82.08	13	66	46	1004000	1314000	240	9.8
2.036	0.0824	82.82	13	66	46	1004000	1314000	240	9.8
2.044	0.0846	83.61	13	66	46	1004000	1314000	240	9.8
2.052	0.0821	84.41	13	66	46	1004000	1314000	240	9.8
2.061	0.0858	85.21	13	66	46	1004000	1314000	240	9.8
2.07	0.0838	85.98	13	66	46	1004000	1314000	240	9.8
2.079	0.0861	86.7	13	66	46	1004000	1314000	240	9.8
2.089	0.0886	87.32	13	66	46	1004000	1314000	240	9.8
2.099	0.0885	87.83	13	66	46	1004000	1314000	240	9.8
2.11	0.0875	88.2	13	66	46	1004000	1314000	240	9.8
2.121	0.09	88.43	13	66	46	1004000	1314000	240	9.8
2.133	0.0889	88.52	13	66	46	1004000	1314000	240	9.8
2.145	0.0895	88.47	13	66	46	1004000	1314000	240	9.8
2.158	0.0906	88.28	13	66	46	1004000	1314000	240	9.8
2.171	0.0902	87.96	13	66	46	1004000	1314000	240	9.8
2.184	0.0905	87.51	13	66	46	1004000	1314000	240	9.8
2.199	0.088	86.96	13	66	46	1004000	1314000	240	9.8
2.214	0.0881	86.32	13	66	46	1004000	1314000	240	9.8
2.229	0.0879	85.59	13	66	46	1004000	1314000	240	9.8
2.245	0.0854	84.8	13	66	46	1004000	1314000	240	9.8
2.261	0.0842	83.97	13	66	46	1004000	1314000	240	9.8
2.277	0.0806	83.1	13	66	46	1004000	1314000	240	9.8
2.294	0.0799	82.22	13	66	46	1004000	1314000	240	9.8
2.31	0.0802	81.35	13	66	46	1004000	1314000	240	9.8
2.326	0.078	80.51	13	66	46	1004000	1314000	240	9.8
2.342	0.078	79.71	13	66	46	1004000	1314000	240	9.8
2.358	0.077	78.98	13	66	46	1004000	1314000	240	9.8
2.374	0.0779	78.31	13	66	46	1004000	1314000	240	9.8
2.39	0.0772	77.72	13	66	46	1004000	1314000	240	9.8
2.406	0.0768	77.21	13	66	46	1004000	1314000	240	9.8
2.423	0.076	76.78	13	66	46	1004000	1314000	240	9.8
2.439	0.0774	76.44	13	66	46	1004000	1314000	240	9.8
2.455	0.0761	76.18	13	66	46	1004000	1314000	240	9.8
2.471	0.0765	76	13	66	46	1004000	1314000	240	9.8
2.487	0.0771	75.89	13	66	46	1004000	1314000	240	9.8
2.503	0.0775	75.83	13	66	46	1004000	1314000	240	9.8
2.519	0.0767	75.82	13	66	46	1004000	1314000	240	9.8
2.535	0.0761	75.84	13	66	46	1004000	1314000	240	9.8
2.552	0.0766	75.89	13	66	46	1004000	1314000	240	9.8
2.568	0.0758	75.97	13	66	46	1004000	1314000	240	9.8
2.584	0.0774	76.08	13	66	46	1004000	1314000	240	9.8
2.6	0.0766	76.22	13	66	46	1004000	1314000	240	9.8
2.616	0.0767	76.41	13	66	46	1004000	1314000	240	9.8
2.632	0.0774	76.66	13	66	46	1004000	1314000	240	9.8
2.648	0.0772	76.98	13	66	46	1004000	1314000	240	9.8
2.665	0.076	77.38	13	66	46	1004000	1314000	240	9.8
2.681	0.0784	77.87	13	66	46	1004000	1314000	240	9.8
2.697	0.0789	78.48	13	66	46	1004000	1314000	240	9.8
2.713	0.0803	79.22	13	66	46	1004000	1314000	240	9.8
2.729	0.081	80.12	13	66	46	1004000	1314000	240	9.8
2.745	0.0829	81.18	13	66	46	1004000	1314000	240	9.8
2.761	0.0842	82.44	13	66	46	1004000	1314000	240	9.8
2.777	0.0847	83.91	13	66	46	1004000	1314000	240	9.8
2.794	0.0849	85.61	13	66	46	1004000	1314000	240	9.8
2.81	0.0866	87.58	13	66	46	1004000	1314000	240	9.8
2.826	0.0931	89.85	13	66	46	1004000	1314000	240	9.8
2.842	0.0948	92.56	13	66	46	1004000	1314000	240	9.8
2.858	0.0977	97.07	13	66	46	1004000	1314000	240	9.8
2.874	0.0993	103.89	13	66	46	1004000	1314000	240	9.8
2.89	0.1046	111.47	13	66	46	1004000	1314000	240	9.8
2.906	0.1089	118.97	13	66	46	1004000	1314000	240	9.8
2.923	0.1136	126.11	13	66	46	1004000	1314000	240	9.8
2.939	0.1187	132.82	13	66	46	1004000	1314000	240	9.8
2.955	0.1225	139.1	13	66	46	1004000	1314000	240	9.8
2.971	0.1347	144.98	13	66	46	1004000	1314000	240	9.8
2.987	0.1424	150.5	13	66	46	1004000	1314000	240	9.8
3.003	0.1494	155.7	13	66	46	1004000	1314000	240	9.8
3.019	0.1588	160.63	13	66	46	1004000	1314000	240	9.8
3.035	0.1711	165.3	13	66	46	1004000	1314000	240	9.8
3.052	0.1773	169.74	13	66	46	1004000	1314000	240	9.8
3.068	0.1956	173.97	13	66	46	1004000	1314000	240	9.8
3.084	0.21560000000000001	178	13	66	46	1004000	1314000	240	9.8
3.1	0.2244	181.82	13	66	46	1004000	1314000	240	9.8
3.116	0.2481	185.44	13	66	46	1004000	1314000	240	9.8
3.132	0.2657	188.84	13	66	46	1004000	1314000	240	9.8
3.148	0.2894	192.01	13	66	46	1004000	1314000	240	9.8
3.165	0.3056	194.92	13	66	46	1004000	1314000	240	9.8
3.181	0.3215	197.54	13	66	46	1004000	1314000	240	9.8
3.197	0	199.82	13	66	46	1004000	1314000	240	9.8
3.213	0	201.72	13	66	46	1004000	1314000	240	9.8
